es,121123,982103,0
es,121123,7,1000
es,121123,3,1000
es,121123,10,1000
es,121123,640,1000
es,121123,30,1000
es,121123,319,1000
es,121123,69,1000
es,121123,100,1000
es,121123,50,1025
es,121123,166,1025
es,121123,8,1025
es,121123,50,1050
es,121123,150,1050
es,121123,11,1050
es,121123,4,1050
es,121123,50,1050
es,121123,5,1050
es,121123,70,1050
es,121123,120,1050
es,121123,9,1050
es,121123,101,1050
es,121123,600,1075
es,121123,25,1075
es,121123,3,1075
es,121123,171,1075
es,121123,4,1075
es,121123,4,1100
es,121123,25,1100
es,121123,5,1100
es,121123,21,1100
es,121123,65,1100
es,121123,50,1100
es,121123,50,1100
es,121123,9,1100
es,121123,6,1125
es,121123,17,1125
es,121123,524,1125
es,121123,215,1125
es,121123,7,1150
es,121123,7,1150
es,121123,9,1150
es,121123,207,1150
es,121123,4,1150
es,121123,55,1150
es,121123,11,1150
es,121123,50,1175
es,121123,49,1175
es,121123,8,1175
es,121123,106,1200
es,121123,610,1200
es,121123,60,1200
es,121123,4,1200
es,121123,100,1200
es,121123,6,1200
es,121123,15,1200
es,121123,56,1200
es,121123,50,1200
es,121123,7,1200
es,121123,35,1225
es,121123,72,1225
es,121123,20,1250
es,121123,60,1250
es,121123,101,1250
es,121123,25,1250
es,121123,130,1250
es,121123,7,1275
es,121123,13,1300
es,121123,5,1300
es,121123,50,1300
es,121123,110,1300
es,121123,26,1300
es,121123,25,1300
es,121123,703,1300
es,121123,5,1325
es,121123,3,1325
es,121123,103,1325
es,121123,500,1325
es,121123,50,1350
es,121123,141,1350
es,121123,158,1350
es,121123,5,1350
es,121123,676,1350
es,121123,26,1375
es,121123,12,1375
es,121123,152,1375
es,121123,573,1387.25
es,121123,496,1387.5
es,121123,1268,1387.75
es,121123,1776,1388
es,121123,2603,1388.25
es,121123,4730,1388.5
es,121123,7584,1388.75
es,121123,7874,1389
es,121123,5115,1389.25
es,121123,3434,1389.5
es,121123,3455,1389.75
es,121123,8971,1390
es,121123,8848,1390.25
es,121123,7793,1390.5
es,121123,9757,1390.75
es,121123,14462,1391
es,121123,11467,1391.25
es,121123,14736,1391.5
es,121123,20125,1391.75
es,121123,23132,1392
es,121123,20999,1392.25
es,121123,19894,1392.5
es,121123,16345,1392.75
es,121123,10464,1393
es,121123,5146,1393.25
es,121123,3172,1393.5
es,121123,2684,1393.75
es,121123,11807,1394
es,121123,16294,1394.25
es,121123,12214,1394.5
es,121123,21412,1394.75
es,121123,26886,1395
es,121123,17351,1395.25
es,121123,8636,1395.5
es,121123,3801,1395.75
es,121123,8134,1396
es,121123,7647,1396.25
es,121123,1320,1396.5
es,121123,979,1396.75
es,121123,5280,1397
es,121123,14575,1397.25
es,121123,15600,1397.5
es,121123,4905,1397.75
es,121123,1543,1398
es,121123,9379,1398.25
es,121123,3764,1398.5
es,121123,4627,1398.75
es,121123,12926,1399
es,121123,13730,1399.25
es,121123,17304,1399.5
es,121123,8256,1399.75
es,121123,3,1400
es,121123,102,1400
es,121123,84,1400
es,121123,27499,1400
es,121123,25,1400
es,121123,30393,1400.25
es,121123,33638,1400.5
es,121123,27087,1400.75
es,121123,35193,1401
es,121123,34414,1401.25
es,121123,30312,1401.5
es,121123,21769,1401.75
es,121123,9137,1402
es,121123,2656,1402.25
es,121123,5163,1402.5
es,121123,1953,1402.75
es,121123,8796,1403
es,121123,5872,1403.25
es,121123,9125,1403.5
es,121123,9016,1403.75
es,121123,12118,1404
es,121123,2853,1404.25
es,121123,5081,1404.5
es,121123,12564,1404.75
es,121123,13134,1405
es,121123,10904,1405.25
es,121123,7586,1405.5
es,121123,12422,1405.75
es,121123,23907,1406
es,121123,13755,1406.25
es,121123,8318,1406.5
es,121123,4557,1406.75
es,121123,3122,1407
es,121123,2679,1407.25
es,121123,22,1407.5
es,121123,11,1425
es,121123,15,1425
es,121123,30,1450
es,121123,4,1450
es,121123,5,1475
es,121123,250,1475
es,121123,63,1500
es,121123,15,1500
es,121123,702,1500
es,121123,5,1500
es,121123,8,1500
es,121123,5,1500
es,121123,6,1500
es,121123,5,1500
es,121123,6,1500
es,121123,5,1500
es,121123,17,1525
es,121123,40,1525
es,121123,37,1525
es,121123,35,1550
es,121123,10,1550
es,121123,24,1550
es,121123,170,1550
es,121123,5,1550
es,121123,33,1550
es,121123,100,1550
es,121123,10,1575
es,121123,75,1575
es,121123,3,1575
es,121123,5,1600
es,121123,500,1600
es,121123,34,1600
es,121123,5,1600
es,121123,55,1600
es,121123,5,1600
es,121123,12,1600
es,121123,132,1600
es,121123,150,1600
es,121123,17,1625
es,121123,31,1625
es,121123,107,1625
es,121123,6,1650
es,121123,3,1650
es,121123,5,1650
es,121123,174,1650
es,121123,20,1650
es,121123,100,1650
es,121123,201,1650
es,121123,4,1650
es,121123,95,1675
es,121123,36,1675
es,121123,20,1675
es,121123,6,1675
es,121123,5,1700
es,121123,50,1700
es,121123,79,1700
es,121123,6,1700
es,121123,17,1700
es,121123,8,1700
es,121123,148,1725
es,121123,3,1725
es,121123,21,1725
es,121123,401,1750
es,121123,74,1750
es,121123,5,1750
es,121123,300,1775
es,121123,58,1775
es,121123,100,1800
es,121123,34,1800
es,121123,5,1800
es,121123,101,1800
es,121123,8,1800
es,121123,272,1800
es,121123,50,1800
es,121123,181,1825
es,121123,3,1825
es,121123,31,1825
es,121123,46,1825
es,121123,30,1825
es,121123,41,1850
es,121123,3,1850
es,121123,10,1850
es,121123,100,1850
es,121123,25,1850
es,121123,54,1850
es,121123,31,1875
es,121123,63,1875
es,121123,7,1875
es,121123,23,1875
es,121123,20,1900
es,121123,30,1900
es,121123,10,1900
es,121123,5,1900
es,121123,5,1900
es,121123,5,1925
es,121123,88,1925
es,121123,10,1950
es,121123,6,1950
es,121123,4,1950
es,121123,11,1950
es,121123,52,1975
es,121123,20,1975
es,121123,28,2000
es,121123,5,2000
es,121123,7,2000
es,121123,6,2000
es,121123,14,2000
es,121123,396,2000
es,121123,82,2000
es,121123,19,2000
es,121123,3,2020
es,121123,10,2025
es,121123,46,2025
es,121123,477,2025
es,121123,30,2050
es,121123,56,2050
es,121123,25,2050
es,121123,53,2050
es,121123,30,2050
es,121123,20,2050
es,121123,25,2050
es,121123,55,2075
es,121123,16,2075
es,121123,20,2075
es,121123,473,2075
es,121123,261,2075
es,121123,3,2100
es,121123,5,2100
es,121123,77,2100
es,121123,3,2100
es,121123,10,2100
es,121123,972,2100
es,121123,12,2100
es,121123,6,2100
es,121123,229,2125
es,121123,113,2125
es,121123,30,2150
es,121123,5,2150
es,121123,18,2150
es,121123,200,2150
es,121123,23,2150
es,121123,186,2175
es,121123,218,2200
es,121123,12,2200
es,121123,4,2200
es,121123,30,2200
es,121123,35,2225
es,121123,3,2225
es,121123,25,2225
es,121123,100,2250
es,121123,5,2250
es,121123,4,2250
es,121123,3,2250
es,121123,20,2250
es,121123,10,2275
es,121123,124,2300
es,121123,37,2300
es,121123,5,2300
es,121123,5,2300
es,121123,32,2325
es,121123,14,2350
es,121123,28,2350
es,121123,15,2350
es,121123,18,2375
es,121123,62,2375
es,121123,5,2400
es,121123,5,2400
es,121123,8,2400
es,121123,50,2400
es,121123,170,2400
es,121123,332,2400
es,121123,30,2425
es,121123,18,2450
es,121123,220,2450
es,121123,51,2450
es,121123,4,2450
es,121123,210,2450
es,121123,3,2475
es,121123,4,2500
es,121123,255,2500
es,121123,8,2500
es,121123,208,2500
es,121123,12,2500
es,121123,5,2525
es,121123,25,2550
es,121123,30,2550
es,121123,100,2550
es,121123,7,2550
es,121123,25,2550
es,121123,802,2550
es,121123,25,2550
es,121123,11,2600
es,121123,5,2600
es,121123,17,2600
es,121123,335,2600
es,121123,3,2625
es,121123,105,2650
es,121123,70,2650
es,121123,3,2675
es,121123,21,2700
es,121123,5,2700
es,121123,4,2725
es,121123,5,2725
es,121123,500,2750
es,121123,19,2750
es,121123,29,2750
es,121123,4,2750
es,121123,6,2775
es,121123,194,2800
es,121123,50,2800
es,121123,850,2800
es,121123,3,2800
es,121123,16,2825
es,121123,6,2850
es,121123,33,2850
es,121123,110,2850
es,121123,100,2900
es,121123,25,2900
es,121123,11,2950
es,121123,5,2950
es,121123,25,2950
es,121123,185,2950
es,121123,50,2975
es,121123,3,3000
es,121123,18,3000
es,121123,5,3000
es,121123,369,3000
es,121123,206,3000
es,121123,10,3000
es,121123,5,3000
es,121123,130,3000
es,121123,100,3000
es,121123,150,3000
es,121123,505,3000
es,121123,10,3050
es,121123,100,3050
es,121123,5,3050
es,121123,31,3050
es,121123,30,3050
es,121123,27,3100
es,121123,901,3100
es,121123,20,3100
es,121123,145,3150
es,121123,7,3150
es,121123,13,3200
es,121123,44,3200
es,121123,15,3250
es,121123,100,3250
es,121123,138,3250
es,121123,33,3250
es,121123,300,3300
es,121123,20,3300
es,121123,41,3300
es,121123,79,3300
es,121123,32,3300
es,121123,3,3350
es,121123,185,3350
es,121123,4,3350
es,121123,12,3375
es,121123,50,3400
es,121123,53,3400
es,121123,20,3400
es,121123,4,3400
es,121123,8,3425
es,121123,10,3450
es,121123,50,3450
es,121123,20,3450
es,121123,7,3450
es,121123,150,3500
es,121123,9,3500
es,121123,225,3500
es,121123,52,3500
es,121123,7,3500
es,121123,5,3500
es,121123,211,3500
es,121123,3,3550
es,121123,3,3575
es,121123,3,3600
es,121123,18,3600
es,121123,100,3600
es,121123,110,3625
es,121123,100,3650
es,121123,3,3650
es,121123,5,3650
es,121123,20,3650
es,121123,45,3700
es,121123,3,3725
es,121123,300,3750
es,121123,10,3750
es,121123,11,3750
es,121123,12,3750
es,121123,11,3775
es,121123,100,3800
es,121123,10,3800
es,121123,401,3800
es,121123,12,3800
es,121123,3,3825
es,121123,6,3850
es,121123,890,3850
es,121123,7,3850
es,121123,201,3850
es,121123,100,3850
es,121123,3,3875
es,121123,100,3900
es,121123,11,3950
es,121123,5,3975
es,121123,4,4000
es,121123,135,4000
es,121123,10,4000
es,121123,100,4000
es,121123,5,4000
es,121123,401,4000
es,121123,102,4000
es,121123,146,4000
es,121123,150,4000
es,121123,183,4000
es,121123,7,4000
es,121123,5,4000
es,121123,10,4000
es,121123,3,4025
es,121123,55,4050
es,121123,40,4050
es,121123,3,4050
es,121123,100,4050
es,121123,12,4100
es,121123,600,4100
es,121123,25,4100
es,121123,300,4150
es,121123,4,4150
es,121123,27,4150
es,121123,5,4200
es,121123,3,4250
es,121123,60,4300
es,121123,111,4300
es,121123,10,4350
es,121123,100,4400
es,121123,25,4400
es,121123,5,4450
es,121123,4,4450
es,121123,200,4450
es,121123,11,4450
es,121123,300,4500
es,121123,195,4500
es,121123,6,4500
es,121123,140,4500
es,121123,3,4500
es,121123,381,4500
es,121123,14,4550
es,121123,10,4550
es,121123,4,4600
es,121123,9,4600
es,121123,17,4600
es,121123,108,4600
es,121123,100,4700
es,121123,3,4700
es,121123,3,4750
es,121123,25,4750
es,121123,3,4750
es,121123,4,4750
es,121123,47,4800
es,121123,103,4800
es,121123,8,4800
es,121123,5,4850
es,121123,176,4900
es,121123,160,4900
es,121123,300,4900
es,121123,10,4925
es,121123,15,4950
es,121123,150,4950
es,121123,309,5000
es,121123,66,5000
es,121123,98,5000
es,121123,6,5000
es,121123,95,5000
es,121123,615,5000
es,121123,102,5000
es,121123,63,5000
es,121123,15,5000
es,121123,20,5000
es,121123,3,5000
es,121123,351,5000
es,121123,154,5000
es,121123,58,5000
es,121123,70,5250
es,121123,309,5250
es,121123,31,5250
es,121123,22,5250
es,121123,4,5250
es,121123,5,5250
es,121123,289,5500
es,121123,7,5500
es,121123,101,5500
es,121123,10,5500
es,121123,5,5500
es,121123,160,5500
es,121123,45,5500
es,121123,6,5500
es,121123,20,5500
es,121123,8,5500
es,121123,112,5500
es,121123,5,5675
es,121123,17,5750
es,121123,3,5750
es,121123,2524,5750
es,121123,4,5750
es,121123,7,5750
es,121123,6,5750
es,121123,9,6000
es,121123,135,6000
es,121123,20,6000
es,121123,300,6000
es,121123,5,6000
es,121123,281,6000
es,121123,412,6000
es,121123,200,6250
es,121123,399,6250
es,121123,6,6250
es,121123,283,6250
es,121123,1200,6250
es,121123,1175,6250
es,121123,875,6500
es,121123,3,6500
es,121123,10,6500
es,121123,6,6500
es,121123,350,6500
es,121123,650,6500
es,121123,133,6500
es,121123,25,6750
es,121123,70,6750
es,121123,9,6750
es,121123,55,6750
es,121123,5,6925
es,121123,8,6950
es,121123,511,7000
es,121123,1005,7000
es,121123,1302,7000
es,121123,6,7000
es,121123,310,7000
es,121123,7,7000
es,121123,20,7000
es,121123,340,7250
es,121123,3,7250
es,121123,136,7250
es,121123,4,7500
es,121123,165,7500
es,121123,6,7500
es,121123,4,7500
es,121123,236,7500
es,121123,5,7500
es,121123,35,7500
es,121123,51,7500
es,121123,300,7500
es,121123,54,7500
es,121123,650,7750
es,121123,126,7750
es,121123,226,7750
es,121123,8,7750
es,121123,442,7750
es,121123,5,7750
es,121123,3,7750
es,121123,226,8000
es,121123,300,8000
es,121123,356,8000
es,121123,71,8000
es,121123,8,8000
es,121123,5,8000
es,121123,51,8000
es,121123,100,8000
es,121123,114,8000
es,121123,242,8000
es,121123,6,8250
es,121123,65,8250
es,121123,8,8250
es,121123,150,8500
es,121123,3,8500
es,121123,40,8500
es,121123,5,8500
es,121123,670,8500
es,121123,8,8500
es,121123,407,8750
es,121123,15,8750
es,121123,601,8750
es,121123,44,8750
es,121123,22,8750
es,121123,6,8750
es,121123,3,9000
es,121123,5,9000
es,121123,15,9000
es,121123,11,9000
es,121123,540,9000
es,121123,7,9000
es,121123,104,9000
es,121123,32,9000
es,121123,10,9000
es,121123,8,9250
es,121123,209,9250
es,121123,46,9250
es,121123,16,9250
es,121123,3,9500
es,121123,3,9500
es,121123,12,9500
es,121123,98,9500
es,121123,102,9500
es,121123,15,9500
es,121123,78,9500
es,121123,201,9500
es,121123,50,9750
es,121123,172,9750
es,121123,3,9750
es,121123,310,9750
es,121123,200,9750
es,121123,57,9750
es,121118-121124,5571315,0
es,121118-121124,4840,1000
es,121118-121124,914,1025
es,121118-121124,2793,1050
es,121118-121124,2692,1075
es,121118-121124,2961,1100
es,121118-121124,2205,1125
es,121118-121124,1249,1150
es,121118-121124,430,1175
es,121118-121124,3418,1200
es,121118-121124,1569,1225
es,121118-121124,2052,1250
es,121118-121124,610,1275
es,121118-121124,3085,1300
es,121118-121124,3144,1325
es,121118-121124,3078,1350
es,121118-121124,177,1360.25
es,121118-121124,1174,1360.5
es,121118-121124,1934,1360.75
es,121118-121124,1604,1361
es,121118-121124,900,1361.25
es,121118-121124,1516,1361.5
es,121118-121124,1385,1361.75
es,121118-121124,1400,1362
es,121118-121124,2093,1362.25
es,121118-121124,4590,1362.5
es,121118-121124,5974,1362.75
es,121118-121124,9882,1363
es,121118-121124,9183,1363.25
es,121118-121124,9809,1363.5
es,121118-121124,8083,1363.75
es,121118-121124,7305,1364
es,121118-121124,5685,1364.25
es,121118-121124,8019,1364.5
es,121118-121124,8923,1364.75
es,121118-121124,10462,1365
es,121118-121124,4282,1365.25
es,121118-121124,5882,1365.5
es,121118-121124,11941,1365.75
es,121118-121124,10650,1366
es,121118-121124,5924,1366.25
es,121118-121124,3689,1366.5
es,121118-121124,4542,1366.75
es,121118-121124,4646,1367
es,121118-121124,5469,1367.25
es,121118-121124,7599,1367.5
es,121118-121124,5394,1367.75
es,121118-121124,7056,1368
es,121118-121124,9010,1368.25
es,121118-121124,9276,1368.5
es,121118-121124,4369,1368.75
es,121118-121124,7124,1369
es,121118-121124,4747,1369.25
es,121118-121124,2116,1369.5
es,121118-121124,1208,1369.75
es,121118-121124,2402,1370
es,121118-121124,2513,1370.25
es,121118-121124,1722,1370.5
es,121118-121124,3938,1370.75
es,121118-121124,4465,1371
es,121118-121124,9346,1371.25
es,121118-121124,19645,1371.5
es,121118-121124,23880,1371.75
es,121118-121124,18699,1372
es,121118-121124,13303,1372.25
es,121118-121124,11528,1372.5
es,121118-121124,14307,1372.75
es,121118-121124,8882,1373
es,121118-121124,4808,1373.25
es,121118-121124,3652,1373.5
es,121118-121124,5909,1373.75
es,121118-121124,9166,1374
es,121118-121124,6316,1374.25
es,121118-121124,12501,1374.5
es,121118-121124,10380,1374.75
es,121118-121124,10091,1375
es,121118-121124,7274,1375.25
es,121118-121124,25580,1375.5
es,121118-121124,26135,1375.75
es,121118-121124,33295,1376
es,121118-121124,38932,1376.25
es,121118-121124,38912,1376.5
es,121118-121124,43986,1376.75
es,121118-121124,63002,1377
es,121118-121124,77383,1377.25
es,121118-121124,81414,1377.5
es,121118-121124,103075,1377.75
es,121118-121124,85832,1378
es,121118-121124,67108,1378.25
es,121118-121124,93442,1378.5
es,121118-121124,90515,1378.75
es,121118-121124,70262,1379
es,121118-121124,55389,1379.25
es,121118-121124,44419,1379.5
es,121118-121124,54096,1379.75
es,121118-121124,80594,1380
es,121118-121124,88413,1380.25
es,121118-121124,78102,1380.5
es,121118-121124,79831,1380.75
es,121118-121124,108988,1381
es,121118-121124,103770,1381.25
es,121118-121124,68905,1381.5
es,121118-121124,53256,1381.75
es,121118-121124,61600,1382
es,121118-121124,72323,1382.25
es,121118-121124,85933,1382.5
es,121118-121124,63114,1382.75
es,121118-121124,88790,1383
es,121118-121124,78318,1383.25
es,121118-121124,95728,1383.5
es,121118-121124,85962,1383.75
es,121118-121124,89235,1384
es,121118-121124,105285,1384.25
es,121118-121124,94647,1384.5
es,121118-121124,76193,1384.75
es,121118-121124,95611,1385
es,121118-121124,95454,1385.25
es,121118-121124,88631,1385.5
es,121118-121124,81085,1385.75
es,121118-121124,85308,1386
es,121118-121124,72270,1386.25
es,121118-121124,85240,1386.5
es,121118-121124,54602,1386.75
es,121118-121124,60939,1387
es,121118-121124,57157,1387.25
es,121118-121124,69644,1387.5
es,121118-121124,70658,1387.75
es,121118-121124,84260,1388
es,121118-121124,57311,1388.25
es,121118-121124,61532,1388.5
es,121118-121124,40041,1388.75
es,121118-121124,18882,1389
es,121118-121124,8513,1389.25
es,121118-121124,5455,1389.5
es,121118-121124,3855,1389.75
es,121118-121124,8971,1390
es,121118-121124,8848,1390.25
es,121118-121124,7793,1390.5
es,121118-121124,9757,1390.75
es,121118-121124,14462,1391
es,121118-121124,11467,1391.25
es,121118-121124,14736,1391.5
es,121118-121124,20125,1391.75
es,121118-121124,23132,1392
es,121118-121124,20999,1392.25
es,121118-121124,19894,1392.5
es,121118-121124,16345,1392.75
es,121118-121124,10464,1393
es,121118-121124,5146,1393.25
es,121118-121124,3172,1393.5
es,121118-121124,2684,1393.75
es,121118-121124,11807,1394
es,121118-121124,16294,1394.25
es,121118-121124,12214,1394.5
es,121118-121124,21412,1394.75
es,121118-121124,26886,1395
es,121118-121124,17351,1395.25
es,121118-121124,8636,1395.5
es,121118-121124,3801,1395.75
es,121118-121124,8134,1396
es,121118-121124,7647,1396.25
es,121118-121124,1320,1396.5
es,121118-121124,979,1396.75
es,121118-121124,5280,1397
es,121118-121124,14575,1397.25
es,121118-121124,15600,1397.5
es,121118-121124,4905,1397.75
es,121118-121124,1543,1398
es,121118-121124,9379,1398.25
es,121118-121124,3764,1398.5
es,121118-121124,4627,1398.75
es,121118-121124,12926,1399
es,121118-121124,13730,1399.25
es,121118-121124,17304,1399.5
es,121118-121124,8256,1399.75
es,121118-121124,37052,1400
es,121118-121124,30393,1400.25
es,121118-121124,33638,1400.5
es,121118-121124,27087,1400.75
es,121118-121124,35193,1401
es,121118-121124,34414,1401.25
es,121118-121124,30312,1401.5
es,121118-121124,21769,1401.75
es,121118-121124,9137,1402
es,121118-121124,2656,1402.25
es,121118-121124,5163,1402.5
es,121118-121124,1953,1402.75
es,121118-121124,8796,1403
es,121118-121124,5872,1403.25
es,121118-121124,9125,1403.5
es,121118-121124,9016,1403.75
es,121118-121124,12118,1404
es,121118-121124,2853,1404.25
es,121118-121124,5081,1404.5
es,121118-121124,12564,1404.75
es,121118-121124,13134,1405
es,121118-121124,10904,1405.25
es,121118-121124,7586,1405.5
es,121118-121124,12422,1405.75
es,121118-121124,23907,1406
es,121118-121124,13755,1406.25
es,121118-121124,8318,1406.5
es,121118-121124,4557,1406.75
es,121118-121124,3122,1407
es,121118-121124,2679,1407.25
es,121118-121124,22,1407.5
es,121118-121124,2765,1425
es,121118-121124,2903,1450
es,121118-121124,1016,1475
es,121118-121124,6484,1500
es,121118-121124,741,1525
es,121118-121124,2169,1550
es,121118-121124,562,1575
es,121118-121124,2870,1600
es,121118-121124,185,1625
es,121118-121124,2073,1650
es,121118-121124,922,1675
es,121118-121124,3648,1700
es,121118-121124,834,1725
es,121118-121124,1453,1750
es,121118-121124,901,1775
es,121118-121124,3812,1800
es,121118-121124,482,1825
es,121118-121124,2915,1850
es,121118-121124,830,1875
es,121118-121124,3287,1900
es,121118-121124,507,1925
es,121118-121124,1232,1950
es,121118-121124,612,1975
es,121118-121124,3782,2000
es,121118-121124,3,2020
es,121118-121124,1298,2025
es,121118-121124,1174,2050
es,121118-121124,1112,2075
es,121118-121124,3236,2100
es,121118-121124,662,2125
es,121118-121124,1405,2150
es,121118-121124,262,2175
es,121118-121124,2257,2200
es,121118-121124,857,2225
es,121118-121124,1385,2250
es,121118-121124,443,2275
es,121118-121124,2327,2300
es,121118-121124,135,2325
es,121118-121124,385,2350
es,121118-121124,339,2375
es,121118-121124,2257,2400
es,121118-121124,197,2425
es,121118-121124,1155,2450
es,121118-121124,140,2475
es,121118-121124,1963,2500
es,121118-121124,352,2525
es,121118-121124,2156,2550
es,121118-121124,86,2575
es,121118-121124,1788,2600
es,121118-121124,127,2625
es,121118-121124,1538,2650
es,121118-121124,241,2675
es,121118-121124,1764,2700
es,121118-121124,43,2725
es,121118-121124,1398,2750
es,121118-121124,112,2775
es,121118-121124,2482,2800
es,121118-121124,36,2825
es,121118-121124,1042,2850
es,121118-121124,65,2875
es,121118-121124,930,2900
es,121118-121124,36,2925
es,121118-121124,1052,2950
es,121118-121124,262,2975
es,121118-121124,7249,3000
es,121118-121124,77,3025
es,121118-121124,259,3050
es,121118-121124,21,3075
es,121118-121124,1567,3100
es,121118-121124,56,3125
es,121118-121124,912,3150
es,121118-121124,601,3200
es,121118-121124,219,3225
es,121118-121124,570,3250
es,121118-121124,5,3275
es,121118-121124,715,3300
es,121118-121124,10,3325
es,121118-121124,492,3350
es,121118-121124,204,3375
es,121118-121124,657,3400
es,121118-121124,13,3425
es,121118-121124,1129,3450
es,121118-121124,20,3475
es,121118-121124,3746,3500
es,121118-121124,199,3525
es,121118-121124,814,3550
es,121118-121124,3,3575
es,121118-121124,2867,3600
es,121118-121124,130,3625
es,121118-121124,582,3650
es,121118-121124,1273,3700
es,121118-121124,3,3725
es,121118-121124,1040,3750
es,121118-121124,51,3775
es,121118-121124,1692,3800
es,121118-121124,15,3825
es,121118-121124,1624,3850
es,121118-121124,11,3875
es,121118-121124,1282,3900
es,121118-121124,5,3925
es,121118-121124,1100,3950
es,121118-121124,5,3975
es,121118-121124,3425,4000
es,121118-121124,3,4025
es,121118-121124,1388,4050
es,121118-121124,1885,4100
es,121118-121124,2741,4150
es,121118-121124,300,4175
es,121118-121124,4376,4200
es,121118-121124,1035,4250
es,121118-121124,955,4300
es,121118-121124,333,4350
es,121118-121124,5,4375
es,121118-121124,600,4400
es,121118-121124,914,4450
es,121118-121124,5205,4500
es,121118-121124,954,4550
es,121118-121124,388,4600
es,121118-121124,257,4650
es,121118-121124,818,4700
es,121118-121124,1614,4750
es,121118-121124,997,4800
es,121118-121124,596,4850
es,121118-121124,996,4900
es,121118-121124,10,4925
es,121118-121124,258,4950
es,121118-121124,3878,5000
es,121118-121124,6,5200
es,121118-121124,2182,5250
es,121118-121124,5090,5500
es,121118-121124,5,5675
es,121118-121124,3507,5750
es,121118-121124,8413,6000
es,121118-121124,50,6150
es,121118-121124,8592,6250
es,121118-121124,4484,6500
es,121118-121124,2490,6750
es,121118-121124,5,6925
es,121118-121124,8,6950
es,121118-121124,4171,7000
es,121118-121124,1751,7250
es,121118-121124,25,7325
es,121118-121124,2719,7500
es,121118-121124,2050,7750
es,121118-121124,3395,8000
es,121118-121124,61,8100
es,121118-121124,666,8250
es,121118-121124,3736,8500
es,121118-121124,2082,8750
es,121118-121124,6108,9000
es,121118-121124,1186,9250
es,121118-121124,1955,9500
es,121118-121124,1734,9750
es,121111-121117,10996694,0
es,121111-121117,8222,1000
es,121111-121117,2991,1025
es,121111-121117,7437,1050
es,121111-121117,35,1060
es,121111-121117,7153,1075
es,121111-121117,10,1080
es,121111-121117,8201,1100
es,121111-121117,2457,1125
es,121111-121117,4128,1150
es,121111-121117,2823,1175
es,121111-121117,6311,1200
es,121111-121117,3154,1225
es,121111-121117,4985,1250
es,121111-121117,4198,1275
es,121111-121117,6061,1300
es,121111-121117,2513,1325
es,121111-121117,261,1340.25
es,121111-121117,4400,1340.5
es,121111-121117,3705,1340.75
es,121111-121117,12456,1341
es,121111-121117,19054,1341.25
es,121111-121117,12879,1341.5
es,121111-121117,8993,1341.75
es,121111-121117,6566,1342
es,121111-121117,6557,1342.25
es,121111-121117,15648,1342.5
es,121111-121117,18448,1342.75
es,121111-121117,25088,1343
es,121111-121117,31122,1343.25
es,121111-121117,40316,1343.5
es,121111-121117,25935,1343.75
es,121111-121117,22387,1344
es,121111-121117,16268,1344.25
es,121111-121117,22099,1344.5
es,121111-121117,21781,1344.75
es,121111-121117,19928,1345
es,121111-121117,16017,1345.25
es,121111-121117,36464,1345.5
es,121111-121117,57114,1345.75
es,121111-121117,73406,1346
es,121111-121117,88480,1346.25
es,121111-121117,91905,1346.5
es,121111-121117,77490,1346.75
es,121111-121117,96037,1347
es,121111-121117,73602,1347.25
es,121111-121117,89938,1347.5
es,121111-121117,85350,1347.75
es,121111-121117,74787,1348
es,121111-121117,74144,1348.25
es,121111-121117,74127,1348.5
es,121111-121117,81532,1348.75
es,121111-121117,90269,1349
es,121111-121117,91616,1349.25
es,121111-121117,88262,1349.5
es,121111-121117,96914,1349.75
es,121111-121117,128890,1350
es,121111-121117,102388,1350.25
es,121111-121117,122887,1350.5
es,121111-121117,117497,1350.75
es,121111-121117,127641,1351
es,121111-121117,110439,1351.25
es,121111-121117,139684,1351.5
es,121111-121117,105443,1351.75
es,121111-121117,125113,1352
es,121111-121117,136285,1352.25
es,121111-121117,160540,1352.5
es,121111-121117,144204,1352.75
es,121111-121117,128521,1353
es,121111-121117,120222,1353.25
es,121111-121117,128392,1353.5
es,121111-121117,119504,1353.75
es,121111-121117,122026,1354
es,121111-121117,100876,1354.25
es,121111-121117,118814,1354.5
es,121111-121117,113998,1354.75
es,121111-121117,120732,1355
es,121111-121117,90190,1355.25
es,121111-121117,94407,1355.5
es,121111-121117,109182,1355.75
es,121111-121117,116310,1356
es,121111-121117,96772,1356.25
es,121111-121117,108834,1356.5
es,121111-121117,95696,1356.75
es,121111-121117,88681,1357
es,121111-121117,69586,1357.25
es,121111-121117,66146,1357.5
es,121111-121117,42871,1357.75
es,121111-121117,51392,1358
es,121111-121117,40124,1358.25
es,121111-121117,38167,1358.5
es,121111-121117,32793,1358.75
es,121111-121117,23763,1359
es,121111-121117,17955,1359.25
es,121111-121117,8733,1359.5
es,121111-121117,18081,1359.75
es,121111-121117,19393,1360
es,121111-121117,14211,1360.25
es,121111-121117,9424,1360.5
es,121111-121117,7963,1360.75
es,121111-121117,14733,1361
es,121111-121117,13570,1361.25
es,121111-121117,17215,1361.5
es,121111-121117,16907,1361.75
es,121111-121117,22254,1362
es,121111-121117,18586,1362.25
es,121111-121117,23126,1362.5
es,121111-121117,26820,1362.75
es,121111-121117,26855,1363
es,121111-121117,34996,1363.25
es,121111-121117,30163,1363.5
es,121111-121117,38212,1363.75
es,121111-121117,41274,1364
es,121111-121117,34015,1364.25
es,121111-121117,50173,1364.5
es,121111-121117,51924,1364.75
es,121111-121117,49338,1365
es,121111-121117,48826,1365.25
es,121111-121117,57385,1365.5
es,121111-121117,62336,1365.75
es,121111-121117,48719,1366
es,121111-121117,50234,1366.25
es,121111-121117,54355,1366.5
es,121111-121117,50395,1366.75
es,121111-121117,47910,1367
es,121111-121117,54228,1367.25
es,121111-121117,54138,1367.5
es,121111-121117,47644,1367.75
es,121111-121117,45456,1368
es,121111-121117,33815,1368.25
es,121111-121117,26372,1368.5
es,121111-121117,20674,1368.75
es,121111-121117,20849,1369
es,121111-121117,25873,1369.25
es,121111-121117,30988,1369.5
es,121111-121117,33682,1369.75
es,121111-121117,39154,1370
es,121111-121117,38389,1370.25
es,121111-121117,41224,1370.5
es,121111-121117,49588,1370.75
es,121111-121117,62719,1371
es,121111-121117,60707,1371.25
es,121111-121117,56517,1371.5
es,121111-121117,54871,1371.75
es,121111-121117,47263,1372
es,121111-121117,40967,1372.25
es,121111-121117,46708,1372.5
es,121111-121117,33575,1372.75
es,121111-121117,32396,1373
es,121111-121117,40247,1373.25
es,121111-121117,48146,1373.5
es,121111-121117,73206,1373.75
es,121111-121117,102070,1374
es,121111-121117,92169,1374.25
es,121111-121117,85835,1374.5
es,121111-121117,83264,1374.75
es,121111-121117,95287,1375
es,121111-121117,70760,1375.25
es,121111-121117,58304,1375.5
es,121111-121117,73363,1375.75
es,121111-121117,76466,1376
es,121111-121117,82227,1376.25
es,121111-121117,87303,1376.5
es,121111-121117,89450,1376.75
es,121111-121117,103963,1377
es,121111-121117,81763,1377.25
es,121111-121117,92586,1377.5
es,121111-121117,83843,1377.75
es,121111-121117,83330,1378
es,121111-121117,76498,1378.25
es,121111-121117,77159,1378.5
es,121111-121117,70893,1378.75
es,121111-121117,81178,1379
es,121111-121117,92063,1379.25
es,121111-121117,84563,1379.5
es,121111-121117,91278,1379.75
es,121111-121117,83808,1380
es,121111-121117,65713,1380.25
es,121111-121117,48500,1380.5
es,121111-121117,53060,1380.75
es,121111-121117,41480,1381
es,121111-121117,25574,1381.25
es,121111-121117,25132,1381.5
es,121111-121117,20062,1381.75
es,121111-121117,17796,1382
es,121111-121117,30666,1382.25
es,121111-121117,42366,1382.5
es,121111-121117,29501,1382.75
es,121111-121117,27018,1383
es,121111-121117,26143,1383.25
es,121111-121117,27991,1383.5
es,121111-121117,32956,1383.75
es,121111-121117,51095,1384
es,121111-121117,31189,1384.25
es,121111-121117,15505,1384.5
es,121111-121117,23519,1384.75
es,121111-121117,14750,1385
es,121111-121117,14573,1385.25
es,121111-121117,7382,1385.5
es,121111-121117,2090,1385.75
es,121111-121117,2114,1386
es,121111-121117,178,1386.25
es,121111-121117,4809,1400
es,121111-121117,2832,1425
es,121111-121117,3895,1450
es,121111-121117,2160,1475
es,121111-121117,5406,1500
es,121111-121117,1496,1525
es,121111-121117,3964,1550
es,121111-121117,1646,1575
es,121111-121117,4266,1600
es,121111-121117,2077,1625
es,121111-121117,1823,1650
es,121111-121117,937,1675
es,121111-121117,2909,1700
es,121111-121117,1296,1725
es,121111-121117,3558,1750
es,121111-121117,1635,1775
es,121111-121117,3650,1800
es,121111-121117,2120,1825
es,121111-121117,2550,1850
es,121111-121117,1895,1875
es,121111-121117,4238,1900
es,121111-121117,1589,1925
es,121111-121117,2603,1950
es,121111-121117,2211,1975
es,121111-121117,3841,2000
es,121111-121117,1200,2025
es,121111-121117,4172,2050
es,121111-121117,1437,2075
es,121111-121117,3139,2100
es,121111-121117,1319,2125
es,121111-121117,3084,2150
es,121111-121117,977,2175
es,121111-121117,3571,2200
es,121111-121117,2672,2225
es,121111-121117,2594,2250
es,121111-121117,2940,2275
es,121111-121117,2372,2300
es,121111-121117,1481,2325
es,121111-121117,3076,2350
es,121111-121117,967,2375
es,121111-121117,1958,2400
es,121111-121117,921,2425
es,121111-121117,1667,2450
es,121111-121117,1381,2475
es,121111-121117,3734,2500
es,121111-121117,1104,2525
es,121111-121117,2805,2550
es,121111-121117,1110,2575
es,121111-121117,2861,2600
es,121111-121117,923,2625
es,121111-121117,2430,2650
es,121111-121117,1360,2675
es,121111-121117,2302,2700
es,121111-121117,1182,2725
es,121111-121117,2636,2750
es,121111-121117,1358,2775
es,121111-121117,2348,2800
es,121111-121117,1679,2825
es,121111-121117,3336,2850
es,121111-121117,1384,2875
es,121111-121117,1763,2900
es,121111-121117,1213,2925
es,121111-121117,3136,2950
es,121111-121117,873,2975
es,121111-121117,8131,3000
es,121111-121117,960,3025
es,121111-121117,1805,3050
es,121111-121117,791,3075
es,121111-121117,2550,3100
es,121111-121117,867,3125
es,121111-121117,1548,3150
es,121111-121117,825,3175
es,121111-121117,1888,3200
es,121111-121117,529,3225
es,121111-121117,2155,3250
es,121111-121117,463,3275
es,121111-121117,2353,3300
es,121111-121117,557,3325
es,121111-121117,1026,3350
es,121111-121117,397,3375
es,121111-121117,1719,3400
es,121111-121117,233,3425
es,121111-121117,1255,3450
es,121111-121117,281,3475
es,121111-121117,3972,3500
es,121111-121117,465,3525
es,121111-121117,1462,3550
es,121111-121117,162,3575
es,121111-121117,1836,3600
es,121111-121117,38,3625
es,121111-121117,1269,3650
es,121111-121117,36,3675
es,121111-121117,1496,3700
es,121111-121117,148,3725
es,121111-121117,1688,3750
es,121111-121117,65,3775
es,121111-121117,1683,3800
es,121111-121117,64,3825
es,121111-121117,1503,3850
es,121111-121117,396,3875
es,121111-121117,2094,3900
es,121111-121117,70,3925
es,121111-121117,941,3950
es,121111-121117,116,3975
es,121111-121117,3041,4000
es,121111-121117,61,4025
es,121111-121117,1248,4050
es,121111-121117,87,4075
es,121111-121117,1999,4100
es,121111-121117,302,4125
es,121111-121117,1186,4150
es,121111-121117,261,4175
es,121111-121117,1655,4200
es,121111-121117,15,4225
es,121111-121117,1917,4250
es,121111-121117,76,4275
es,121111-121117,1716,4300
es,121111-121117,25,4325
es,121111-121117,1052,4350
es,121111-121117,6,4375
es,121111-121117,1827,4400
es,121111-121117,1255,4450
es,121111-121117,5,4475
es,121111-121117,3048,4500
es,121111-121117,1095,4550
es,121111-121117,5,4575
es,121111-121117,1544,4600
es,121111-121117,90,4625
es,121111-121117,2931,4650
es,121111-121117,5,4675
es,121111-121117,1007,4700
es,121111-121117,1311,4750
es,121111-121117,100,4775
es,121111-121117,1321,4800
es,121111-121117,90,4825
es,121111-121117,1215,4850
es,121111-121117,1548,4900
es,121111-121117,1121,4950
es,121111-121117,7284,5000
es,121111-121117,15,5050
es,121111-121117,150,5100
es,121111-121117,5,5200
es,121111-121117,51,5225
es,121111-121117,2592,5250
es,121111-121117,8,5275
es,121111-121117,25,5300
es,121111-121117,50,5425
es,121111-121117,26,5450
es,121111-121117,6963,5500
es,121111-121117,40,5525
es,121111-121117,20,5575
es,121111-121117,37,5600
es,121111-121117,2052,5750
es,121111-121117,10,5925
es,121111-121117,14,5950
es,121111-121117,19,5975
es,121111-121117,7982,6000
es,121111-121117,35,6025
es,121111-121117,30,6050
es,121111-121117,142,6075
es,121111-121117,32,6100
es,121111-121117,98,6200
es,121111-121117,3668,6250
es,121111-121117,20,6325
es,121111-121117,5,6450
es,121111-121117,50,6475
es,121111-121117,4751,6500
es,121111-121117,3372,6750
es,121111-121117,92,6800
es,121111-121117,7,6950
es,121111-121117,7945,7000
es,121111-121117,44,7025
es,121111-121117,100,7150
es,121111-121117,50,7175
es,121111-121117,91,7200
es,121111-121117,4716,7250
es,121111-121117,15,7375
es,121111-121117,5822,7500
es,121111-121117,50,7550
es,121111-121117,5,7675
es,121111-121117,1848,7750
es,121111-121117,60,7900
es,121111-121117,8937,8000
es,121111-121117,4076,8250
es,121111-121117,10,8300
es,121111-121117,10,8350
es,121111-121117,4679,8500
es,121111-121117,2879,8750
es,121111-121117,5,8900
es,121111-121117,6715,9000
es,121111-121117,5092,9250
es,121111-121117,5115,9500
es,121111-121117,2883,9750
es,contract_period,92017699,0
es,contract_period,31570,1000
es,contract_period,73,1002.5
es,contract_period,37,1005
es,contract_period,5,1007.5
es,contract_period,8,1012.5
es,contract_period,65,1015
es,contract_period,110,1017.5
es,contract_period,72,1020
es,contract_period,226,1022.5
es,contract_period,12531,1025
es,contract_period,5,1030
es,contract_period,113,1032.5
es,contract_period,57,1035
es,contract_period,43,1037.5
es,contract_period,85,1040
es,contract_period,667,1042.5
es,contract_period,65,1045
es,contract_period,80,1047.5
es,contract_period,28359,1050
es,contract_period,27,1052.5
es,contract_period,155,1057.5
es,contract_period,111,1060
es,contract_period,8,1062.5
es,contract_period,7,1067.5
es,contract_period,36,1072.5
es,contract_period,20621,1075
es,contract_period,260,1080
es,contract_period,301,1082.5
es,contract_period,9,1085
es,contract_period,5,1090
es,contract_period,300,1092.5
es,contract_period,200,1095
es,contract_period,10,1097.5
es,contract_period,32725,1100
es,contract_period,60,1102.5
es,contract_period,56,1105
es,contract_period,36,1107.5
es,contract_period,31,1110
es,contract_period,6,1112.5
es,contract_period,112,1115
es,contract_period,20,1117.5
es,contract_period,213,1120
es,contract_period,16404,1125
es,contract_period,10,1130
es,contract_period,5,1132.25
es,contract_period,48,1135
es,contract_period,5,1137.5
es,contract_period,110,1140
es,contract_period,310,1145
es,contract_period,9,1147.5
es,contract_period,24146,1150
es,contract_period,12,1152.5
es,contract_period,203,1155
es,contract_period,29,1160
es,contract_period,11628,1175
es,contract_period,5,1182.5
es,contract_period,20,1185
es,contract_period,114,1187.5
es,contract_period,15,1195
es,contract_period,10,1197.5
es,contract_period,24907,1200
es,contract_period,7,1205
es,contract_period,50,1207.5
es,contract_period,12,1210
es,contract_period,114,1217.5
es,contract_period,15,1222.25
es,contract_period,40,1222.5
es,contract_period,13642,1225
es,contract_period,15,1227.5
es,contract_period,146,1232.5
es,contract_period,105,1237.5
es,contract_period,22316,1250
es,contract_period,100,1252.5
es,contract_period,46,1255
es,contract_period,11,1262
es,contract_period,8,1269.75
es,contract_period,18,1270.5
es,contract_period,15,1273.25
es,contract_period,7,1274
es,contract_period,19904,1275
es,contract_period,5,1276
es,contract_period,7,1277
es,contract_period,50,1277.5
es,contract_period,37,1278
es,contract_period,21,1278.5
es,contract_period,11,1278.75
es,contract_period,43,1280
es,contract_period,7,1282.5
es,contract_period,9,1282.75
es,contract_period,5,1284
es,contract_period,65,1285
es,contract_period,10,1285.5
es,contract_period,7,1292
es,contract_period,5,1293.25
es,contract_period,5,1294.25
es,contract_period,15,1294.5
es,contract_period,17,1294.75
es,contract_period,5,1295.5
es,contract_period,12,1296
es,contract_period,17,1296.25
es,contract_period,22,1296.75
es,contract_period,7,1297.25
es,contract_period,58,1297.5
es,contract_period,7,1297.75
es,contract_period,7,1298.5
es,contract_period,9,1298.75
es,contract_period,10,1299.5
es,contract_period,20,1299.75
es,contract_period,25582,1300
es,contract_period,10,1300.25
es,contract_period,77,1300.5
es,contract_period,20,1300.75
es,contract_period,22,1301
es,contract_period,10,1301.25
es,contract_period,16,1301.5
es,contract_period,54,1301.75
es,contract_period,101,1302
es,contract_period,29,1302.25
es,contract_period,17,1302.5
es,contract_period,42,1302.75
es,contract_period,42,1303
es,contract_period,5,1303.25
es,contract_period,104,1303.5
es,contract_period,50,1303.75
es,contract_period,39,1304
es,contract_period,18,1304.25
es,contract_period,151,1304.5
es,contract_period,108,1304.75
es,contract_period,22,1305
es,contract_period,7,1305.25
es,contract_period,16,1305.5
es,contract_period,8,1305.75
es,contract_period,68,1306
es,contract_period,20,1306.25
es,contract_period,13,1306.5
es,contract_period,5,1307
es,contract_period,10,1307.25
es,contract_period,23,1307.5
es,contract_period,45,1307.75
es,contract_period,14,1308
es,contract_period,38,1308.25
es,contract_period,6,1308.5
es,contract_period,24,1308.75
es,contract_period,12,1309
es,contract_period,59,1309.5
es,contract_period,53,1309.75
es,contract_period,51,1310
es,contract_period,24,1310.25
es,contract_period,34,1310.5
es,contract_period,44,1310.75
es,contract_period,75,1311
es,contract_period,22,1311.25
es,contract_period,139,1311.5
es,contract_period,16,1311.75
es,contract_period,26,1312
es,contract_period,83,1312.25
es,contract_period,82,1312.5
es,contract_period,12,1312.75
es,contract_period,13,1313
es,contract_period,44,1313.25
es,contract_period,28,1313.5
es,contract_period,21,1313.75
es,contract_period,54,1314
es,contract_period,76,1314.25
es,contract_period,17,1314.5
es,contract_period,86,1314.75
es,contract_period,60,1315
es,contract_period,17,1315.25
es,contract_period,139,1315.5
es,contract_period,115,1315.75
es,contract_period,105,1316
es,contract_period,74,1316.25
es,contract_period,35,1316.5
es,contract_period,37,1316.75
es,contract_period,24,1317
es,contract_period,60,1317.25
es,contract_period,52,1317.5
es,contract_period,27,1317.75
es,contract_period,42,1318
es,contract_period,47,1318.25
es,contract_period,49,1318.5
es,contract_period,54,1318.75
es,contract_period,146,1319
es,contract_period,59,1319.25
es,contract_period,91,1319.5
es,contract_period,71,1319.75
es,contract_period,52,1320
es,contract_period,39,1320.25
es,contract_period,136,1320.5
es,contract_period,42,1320.75
es,contract_period,38,1321
es,contract_period,74,1321.25
es,contract_period,23,1321.5
es,contract_period,18,1321.75
es,contract_period,41,1322
es,contract_period,77,1322.25
es,contract_period,85,1322.5
es,contract_period,75,1322.75
es,contract_period,137,1323
es,contract_period,98,1323.25
es,contract_period,121,1323.5
es,contract_period,64,1323.75
es,contract_period,157,1324
es,contract_period,66,1324.25
es,contract_period,346,1324.5
es,contract_period,52,1324.75
es,contract_period,16897,1325
es,contract_period,93,1325.25
es,contract_period,81,1325.5
es,contract_period,77,1325.75
es,contract_period,281,1326
es,contract_period,97,1326.25
es,contract_period,299,1326.5
es,contract_period,124,1326.75
es,contract_period,139,1327
es,contract_period,130,1327.25
es,contract_period,192,1327.5
es,contract_period,102,1327.75
es,contract_period,155,1328
es,contract_period,93,1328.25
es,contract_period,177,1328.5
es,contract_period,120,1328.75
es,contract_period,114,1329
es,contract_period,147,1329.25
es,contract_period,290,1329.5
es,contract_period,207,1329.75
es,contract_period,183,1330
es,contract_period,96,1330.25
es,contract_period,103,1330.5
es,contract_period,117,1330.75
es,contract_period,153,1331
es,contract_period,159,1331.25
es,contract_period,279,1331.5
es,contract_period,45,1331.75
es,contract_period,117,1332
es,contract_period,94,1332.25
es,contract_period,68,1332.5
es,contract_period,39,1332.75
es,contract_period,86,1333
es,contract_period,67,1333.25
es,contract_period,58,1333.5
es,contract_period,41,1333.75
es,contract_period,285,1334
es,contract_period,107,1334.25
es,contract_period,55,1334.5
es,contract_period,76,1334.75
es,contract_period,270,1335
es,contract_period,79,1335.25
es,contract_period,264,1335.5
es,contract_period,79,1335.75
es,contract_period,186,1336
es,contract_period,169,1336.25
es,contract_period,45,1336.5
es,contract_period,92,1336.75
es,contract_period,88,1337
es,contract_period,112,1337.25
es,contract_period,263,1337.5
es,contract_period,125,1337.75
es,contract_period,274,1338
es,contract_period,93,1338.25
es,contract_period,85,1338.5
es,contract_period,109,1338.75
es,contract_period,289,1339
es,contract_period,103,1339.25
es,contract_period,504,1339.5
es,contract_period,193,1339.75
es,contract_period,257,1340
es,contract_period,470,1340.25
es,contract_period,4631,1340.5
es,contract_period,3897,1340.75
es,contract_period,12654,1341
es,contract_period,19290,1341.25
es,contract_period,13235,1341.5
es,contract_period,9176,1341.75
es,contract_period,6870,1342
es,contract_period,6740,1342.25
es,contract_period,15950,1342.5
es,contract_period,18614,1342.75
es,contract_period,25242,1343
es,contract_period,31224,1343.25
es,contract_period,40477,1343.5
es,contract_period,26071,1343.75
es,contract_period,22640,1344
es,contract_period,16480,1344.25
es,contract_period,22400,1344.5
es,contract_period,21936,1344.75
es,contract_period,20220,1345
es,contract_period,16209,1345.25
es,contract_period,36591,1345.5
es,contract_period,57235,1345.75
es,contract_period,73608,1346
es,contract_period,88591,1346.25
es,contract_period,92179,1346.5
es,contract_period,77566,1346.75
es,contract_period,96335,1347
es,contract_period,73768,1347.25
es,contract_period,90112,1347.5
es,contract_period,85476,1347.75
es,contract_period,74879,1348
es,contract_period,74228,1348.25
es,contract_period,74258,1348.5
es,contract_period,81587,1348.75
es,contract_period,90541,1349
es,contract_period,91677,1349.25
es,contract_period,88400,1349.5
es,contract_period,97060,1349.75
es,contract_period,149435,1350
es,contract_period,102447,1350.25
es,contract_period,123003,1350.5
es,contract_period,117641,1350.75
es,contract_period,127804,1351
es,contract_period,110567,1351.25
es,contract_period,139890,1351.5
es,contract_period,105575,1351.75
es,contract_period,125212,1352
es,contract_period,136409,1352.25
es,contract_period,160786,1352.5
es,contract_period,144319,1352.75
es,contract_period,128600,1353
es,contract_period,120304,1353.25
es,contract_period,128428,1353.5
es,contract_period,119524,1353.75
es,contract_period,122089,1354
es,contract_period,100991,1354.25
es,contract_period,118944,1354.5
es,contract_period,114054,1354.75
es,contract_period,120871,1355
es,contract_period,90228,1355.25
es,contract_period,94498,1355.5
es,contract_period,109338,1355.75
es,contract_period,116419,1356
es,contract_period,96867,1356.25
es,contract_period,108974,1356.5
es,contract_period,95784,1356.75
es,contract_period,88800,1357
es,contract_period,69645,1357.25
es,contract_period,66288,1357.5
es,contract_period,42911,1357.75
es,contract_period,51499,1358
es,contract_period,40192,1358.25
es,contract_period,38258,1358.5
es,contract_period,32927,1358.75
es,contract_period,23832,1359
es,contract_period,18015,1359.25
es,contract_period,8933,1359.5
es,contract_period,18141,1359.75
es,contract_period,19490,1360
es,contract_period,14559,1360.25
es,contract_period,10697,1360.5
es,contract_period,9956,1360.75
es,contract_period,16398,1361
es,contract_period,14557,1361.25
es,contract_period,18788,1361.5
es,contract_period,18421,1361.75
es,contract_period,23853,1362
es,contract_period,20760,1362.25
es,contract_period,27854,1362.5
es,contract_period,32895,1362.75
es,contract_period,36888,1363
es,contract_period,44264,1363.25
es,contract_period,40492,1363.5
es,contract_period,52919,1363.75
es,contract_period,55885,1364
es,contract_period,45005,1364.25
es,contract_period,64343,1364.5
es,contract_period,68101,1364.75
es,contract_period,71333,1365
es,contract_period,56158,1365.25
es,contract_period,67160,1365.5
es,contract_period,78879,1365.75
es,contract_period,67323,1366
es,contract_period,59121,1366.25
es,contract_period,62713,1366.5
es,contract_period,58028,1366.75
es,contract_period,57980,1367
es,contract_period,71205,1367.25
es,contract_period,73205,1367.5
es,contract_period,61009,1367.75
es,contract_period,64912,1368
es,contract_period,50051,1368.25
es,contract_period,43519,1368.5
es,contract_period,38924,1368.75
es,contract_period,48781,1369
es,contract_period,55537,1369.25
es,contract_period,51798,1369.5
es,contract_period,45794,1369.75
es,contract_period,53961,1370
es,contract_period,55553,1370.25
es,contract_period,63906,1370.5
es,contract_period,77802,1370.75
es,contract_period,87057,1371
es,contract_period,93666,1371.25
es,contract_period,97117,1371.5
es,contract_period,103829,1371.75
es,contract_period,102774,1372
es,contract_period,84626,1372.25
es,contract_period,82544,1372.5
es,contract_period,75367,1372.75
es,contract_period,77192,1373
es,contract_period,82566,1373.25
es,contract_period,93437,1373.5
es,contract_period,126792,1373.75
es,contract_period,156231,1374
es,contract_period,126185,1374.25
es,contract_period,131961,1374.5
es,contract_period,133746,1374.75
es,contract_period,160969,1375
es,contract_period,132811,1375.25
es,contract_period,149979,1375.5
es,contract_period,162334,1375.75
es,contract_period,175984,1376
es,contract_period,177358,1376.25
es,contract_period,183094,1376.5
es,contract_period,185806,1376.75
es,contract_period,228582,1377
es,contract_period,221687,1377.25
es,contract_period,259342,1377.5
es,contract_period,277616,1377.75
es,contract_period,270530,1378
es,contract_period,235451,1378.25
es,contract_period,251345,1378.5
es,contract_period,242344,1378.75
es,contract_period,230579,1379
es,contract_period,222060,1379.25
es,contract_period,204032,1379.5
es,contract_period,224944,1379.75
es,contract_period,256063,1380
es,contract_period,229535,1380.25
es,contract_period,214340,1380.5
es,contract_period,214843,1380.75
es,contract_period,242224,1381
es,contract_period,202816,1381.25
es,contract_period,169324,1381.5
es,contract_period,145031,1381.75
es,contract_period,146444,1382
es,contract_period,141286,1382.25
es,contract_period,188343,1382.5
es,contract_period,137902,1382.75
es,contract_period,161528,1383
es,contract_period,143818,1383.25
es,contract_period,164224,1383.5
es,contract_period,152426,1383.75
es,contract_period,181386,1384
es,contract_period,172979,1384.25
es,contract_period,153205,1384.5
es,contract_period,136089,1384.75
es,contract_period,153107,1385
es,contract_period,153103,1385.25
es,contract_period,150615,1385.5
es,contract_period,129807,1385.75
es,contract_period,152956,1386
es,contract_period,136859,1386.25
es,contract_period,156647,1386.5
es,contract_period,115738,1386.75
es,contract_period,133012,1387
es,contract_period,122599,1387.25
es,contract_period,151886,1387.5
es,contract_period,140630,1387.75
es,contract_period,164427,1388
es,contract_period,130155,1388.25
es,contract_period,124431,1388.5
es,contract_period,92622,1388.75
es,contract_period,83822,1389
es,contract_period,70565,1389.25
es,contract_period,96299,1389.5
es,contract_period,68768,1389.75
es,contract_period,67526,1390
es,contract_period,54266,1390.25
es,contract_period,68483,1390.5
es,contract_period,64655,1390.75
es,contract_period,91582,1391
es,contract_period,83856,1391.25
es,contract_period,92405,1391.5
es,contract_period,93992,1391.75
es,contract_period,111075,1392
es,contract_period,108314,1392.25
es,contract_period,125267,1392.5
es,contract_period,98401,1392.75
es,contract_period,87816,1393
es,contract_period,91746,1393.25
es,contract_period,91012,1393.5
es,contract_period,85625,1393.75
es,contract_period,110646,1394
es,contract_period,83892,1394.25
es,contract_period,79924,1394.5
es,contract_period,98151,1394.75
es,contract_period,84731,1395
es,contract_period,73518,1395.25
es,contract_period,55946,1395.5
es,contract_period,49739,1395.75
es,contract_period,75130,1396
es,contract_period,87727,1396.25
es,contract_period,90895,1396.5
es,contract_period,111678,1396.75
es,contract_period,99936,1397
es,contract_period,88633,1397.25
es,contract_period,96507,1397.5
es,contract_period,83490,1397.75
es,contract_period,105173,1398
es,contract_period,94836,1398.25
es,contract_period,88735,1398.5
es,contract_period,75283,1398.75
es,contract_period,77287,1399
es,contract_period,56772,1399.25
es,contract_period,66844,1399.5
es,contract_period,74922,1399.75
es,contract_period,140883,1400
es,contract_period,94223,1400.25
es,contract_period,92205,1400.5
es,contract_period,84162,1400.75
es,contract_period,100665,1401
es,contract_period,121502,1401.25
es,contract_period,128098,1401.5
es,contract_period,130758,1401.75
es,contract_period,133450,1402
es,contract_period,143697,1402.25
es,contract_period,167104,1402.5
es,contract_period,161175,1402.75
es,contract_period,185970,1403
es,contract_period,140477,1403.25
es,contract_period,138617,1403.5
es,contract_period,187774,1403.75
es,contract_period,224141,1404
es,contract_period,196197,1404.25
es,contract_period,203911,1404.5
es,contract_period,235935,1404.75
es,contract_period,299690,1405
es,contract_period,266618,1405.25
es,contract_period,302410,1405.5
es,contract_period,309647,1405.75
es,contract_period,322848,1406
es,contract_period,313251,1406.25
es,contract_period,372044,1406.5
es,contract_period,344852,1406.75
es,contract_period,354298,1407
es,contract_period,331154,1407.25
es,contract_period,330110,1407.5
es,contract_period,295396,1407.75
es,contract_period,332212,1408
es,contract_period,322990,1408.25
es,contract_period,325571,1408.5
es,contract_period,298494,1408.75
es,contract_period,312402,1409
es,contract_period,262681,1409.25
es,contract_period,270249,1409.5
es,contract_period,295308,1409.75
es,contract_period,296760,1410
es,contract_period,283008,1410.25
es,contract_period,288908,1410.5
es,contract_period,231189,1410.75
es,contract_period,192122,1411
es,contract_period,155663,1411.25
es,contract_period,160062,1411.5
es,contract_period,158928,1411.75
es,contract_period,172427,1412
es,contract_period,198298,1412.25
es,contract_period,213914,1412.5
es,contract_period,224193,1412.75
es,contract_period,206814,1413
es,contract_period,171018,1413.25
es,contract_period,171907,1413.5
es,contract_period,144297,1413.75
es,contract_period,115830,1414
es,contract_period,84724,1414.25
es,contract_period,96797,1414.5
es,contract_period,79406,1414.75
es,contract_period,79671,1415
es,contract_period,54580,1415.25
es,contract_period,51775,1415.5
es,contract_period,67263,1415.75
es,contract_period,90725,1416
es,contract_period,80916,1416.25
es,contract_period,82055,1416.5
es,contract_period,68702,1416.75
es,contract_period,77403,1417
es,contract_period,65877,1417.25
es,contract_period,52534,1417.5
es,contract_period,62537,1417.75
es,contract_period,95237,1418
es,contract_period,83990,1418.25
es,contract_period,97805,1418.5
es,contract_period,106445,1418.75
es,contract_period,102579,1419
es,contract_period,115094,1419.25
es,contract_period,143146,1419.5
es,contract_period,157188,1419.75
es,contract_period,181185,1420
es,contract_period,186990,1420.25
es,contract_period,200266,1420.5
es,contract_period,184338,1420.75
es,contract_period,205373,1421
es,contract_period,187238,1421.25
es,contract_period,197094,1421.5
es,contract_period,213259,1421.75
es,contract_period,218073,1422
es,contract_period,241791,1422.25
es,contract_period,285456,1422.5
es,contract_period,241805,1422.75
es,contract_period,227288,1423
es,contract_period,204648,1423.25
es,contract_period,223541,1423.5
es,contract_period,199288,1423.75
es,contract_period,181473,1424
es,contract_period,170616,1424.25
es,contract_period,182466,1424.5
es,contract_period,190948,1424.75
es,contract_period,231224,1425
es,contract_period,204476,1425.25
es,contract_period,220969,1425.5
es,contract_period,207677,1425.75
es,contract_period,241939,1426
es,contract_period,305080,1426.25
es,contract_period,269785,1426.5
es,contract_period,292335,1426.75
es,contract_period,353204,1427
es,contract_period,342100,1427.25
es,contract_period,349967,1427.5
es,contract_period,323977,1427.75
es,contract_period,304891,1428
es,contract_period,307899,1428.25
es,contract_period,325137,1428.5
es,contract_period,272756,1428.75
es,contract_period,291112,1429
es,contract_period,300275,1429.25
es,contract_period,346971,1429.5
es,contract_period,312960,1429.75
es,contract_period,346771,1430
es,contract_period,300097,1430.25
es,contract_period,281238,1430.5
es,contract_period,295625,1430.75
es,contract_period,352491,1431
es,contract_period,290686,1431.25
es,contract_period,286741,1431.5
es,contract_period,271881,1431.75
es,contract_period,311659,1432
es,contract_period,290724,1432.25
es,contract_period,343801,1432.5
es,contract_period,297636,1432.75
es,contract_period,319271,1433
es,contract_period,259205,1433.25
es,contract_period,310816,1433.5
es,contract_period,236677,1433.75
es,contract_period,269419,1434
es,contract_period,255049,1434.25
es,contract_period,297674,1434.5
es,contract_period,337671,1434.75
es,contract_period,381970,1435
es,contract_period,351268,1435.25
es,contract_period,348402,1435.5
es,contract_period,323353,1435.75
es,contract_period,287826,1436
es,contract_period,305698,1436.25
es,contract_period,336430,1436.5
es,contract_period,291221,1436.75
es,contract_period,310181,1437
es,contract_period,281706,1437.25
es,contract_period,258439,1437.5
es,contract_period,265480,1437.75
es,contract_period,328734,1438
es,contract_period,328695,1438.25
es,contract_period,306029,1438.5
es,contract_period,245879,1438.75
es,contract_period,250741,1439
es,contract_period,236778,1439.25
es,contract_period,266186,1439.5
es,contract_period,235847,1439.75
es,contract_period,217691,1440
es,contract_period,194943,1440.25
es,contract_period,232273,1440.5
es,contract_period,239384,1440.75
es,contract_period,278178,1441
es,contract_period,265429,1441.25
es,contract_period,241754,1441.5
es,contract_period,216892,1441.75
es,contract_period,236197,1442
es,contract_period,233905,1442.25
es,contract_period,278937,1442.5
es,contract_period,261637,1442.75
es,contract_period,247801,1443
es,contract_period,176590,1443.25
es,contract_period,153280,1443.5
es,contract_period,99100,1443.75
es,contract_period,128368,1444
es,contract_period,121683,1444.25
es,contract_period,156443,1444.5
es,contract_period,167393,1444.75
es,contract_period,206129,1445
es,contract_period,191447,1445.25
es,contract_period,194243,1445.5
es,contract_period,181113,1445.75
es,contract_period,209568,1446
es,contract_period,176102,1446.25
es,contract_period,136226,1446.5
es,contract_period,165834,1446.75
es,contract_period,239348,1447
es,contract_period,224402,1447.25
es,contract_period,284449,1447.5
es,contract_period,317556,1447.75
es,contract_period,354796,1448
es,contract_period,338193,1448.25
es,contract_period,351335,1448.5
es,contract_period,357435,1448.75
es,contract_period,383337,1449
es,contract_period,342410,1449.25
es,contract_period,388756,1449.5
es,contract_period,380504,1449.75
es,contract_period,414413,1450
es,contract_period,357750,1450.25
es,contract_period,410768,1450.5
es,contract_period,387780,1450.75
es,contract_period,425879,1451
es,contract_period,441181,1451.25
es,contract_period,438733,1451.5
es,contract_period,406347,1451.75
es,contract_period,458668,1452
es,contract_period,407789,1452.25
es,contract_period,449077,1452.5
es,contract_period,465719,1452.75
es,contract_period,539966,1453
es,contract_period,457539,1453.25
es,contract_period,419022,1453.5
es,contract_period,462374,1453.75
es,contract_period,432741,1454
es,contract_period,446339,1454.25
es,contract_period,477320,1454.5
es,contract_period,461309,1454.75
es,contract_period,527457,1455
es,contract_period,433684,1455.25
es,contract_period,536496,1455.5
es,contract_period,428370,1455.75
es,contract_period,415240,1456
es,contract_period,425836,1456.25
es,contract_period,425659,1456.5
es,contract_period,450087,1456.75
es,contract_period,405421,1457
es,contract_period,297365,1457.25
es,contract_period,275588,1457.5
es,contract_period,205120,1457.75
es,contract_period,170026,1458
es,contract_period,187326,1458.25
es,contract_period,177219,1458.5
es,contract_period,170538,1458.75
es,contract_period,180130,1459
es,contract_period,171622,1459.25
es,contract_period,133464,1459.5
es,contract_period,102027,1459.75
es,contract_period,83445,1460
es,contract_period,106714,1460.25
es,contract_period,82304,1460.5
es,contract_period,83278,1460.75
es,contract_period,111506,1461
es,contract_period,107515,1461.25
es,contract_period,103948,1461.5
es,contract_period,123921,1461.75
es,contract_period,151912,1462
es,contract_period,161781,1462.25
es,contract_period,148092,1462.5
es,contract_period,97796,1462.75
es,contract_period,77021,1463
es,contract_period,72525,1463.25
es,contract_period,64769,1463.5
es,contract_period,61999,1463.75
es,contract_period,37516,1464
es,contract_period,20294,1464.25
es,contract_period,42542,1464.5
es,contract_period,45945,1464.75
es,contract_period,34769,1465
es,contract_period,35328,1465.25
es,contract_period,59404,1465.5
es,contract_period,35566,1465.75
es,contract_period,24218,1466
es,contract_period,22867,1466.25
es,contract_period,11040,1466.5
es,contract_period,7106,1466.75
es,contract_period,12726,1467
es,contract_period,3290,1467.25
es,contract_period,18661,1467.5
es,contract_period,5299,1467.75
es,contract_period,18,1468
es,contract_period,10,1472.5
es,contract_period,11647,1475
es,contract_period,31616,1500
es,contract_period,15710,1525
es,contract_period,23103,1550
es,contract_period,150,1552.5
es,contract_period,10350,1575
es,contract_period,6,1582.5
es,contract_period,6,1585
es,contract_period,19676,1600
es,contract_period,150,1617.5
es,contract_period,10206,1625
es,contract_period,16464,1650
es,contract_period,60,1660
es,contract_period,6,1670
es,contract_period,7541,1675
es,contract_period,150,1685
es,contract_period,195,1687.5
es,contract_period,50,1690
es,contract_period,16216,1700
es,contract_period,20,1705
es,contract_period,9151,1725
es,contract_period,16228,1750
es,contract_period,8658,1775
es,contract_period,21377,1800
es,contract_period,8258,1825
es,contract_period,20064,1850
es,contract_period,16884,1875
es,contract_period,10,1892.5
es,contract_period,16545,1900
es,contract_period,10152,1925
es,contract_period,15211,1950
es,contract_period,13,1960
es,contract_period,6,1965
es,contract_period,6,1967.5
es,contract_period,10092,1975
es,contract_period,24994,2000
es,contract_period,3,2020
es,contract_period,30,2022.5
es,contract_period,10241,2025
es,contract_period,11450,2050
es,contract_period,53,2057.5
es,contract_period,11162,2075
es,contract_period,10,2090
es,contract_period,18152,2100
es,contract_period,20,2102.5
es,contract_period,10,2110
es,contract_period,268,2112.5
es,contract_period,6286,2125
es,contract_period,6,2130
es,contract_period,10497,2150
es,contract_period,15,2152.5
es,contract_period,5821,2175
es,contract_period,17909,2200
es,contract_period,7,2212.5
es,contract_period,5,2220
es,contract_period,8914,2225
es,contract_period,11785,2250
es,contract_period,264,2260
es,contract_period,8105,2275
es,contract_period,10,2290
es,contract_period,11900,2300
es,contract_period,5795,2325
es,contract_period,9933,2350
es,contract_period,4485,2375
es,contract_period,12425,2400
es,contract_period,8575,2425
es,contract_period,10764,2450
es,contract_period,6847,2475
es,contract_period,20871,2500
es,contract_period,7289,2525
es,contract_period,16740,2550
es,contract_period,5410,2575
es,contract_period,12522,2600
es,contract_period,4425,2625
es,contract_period,9523,2650
es,contract_period,8802,2675
es,contract_period,15449,2700
es,contract_period,6224,2725
es,contract_period,12062,2750
es,contract_period,6074,2775
es,contract_period,14976,2800
es,contract_period,4608,2825
es,contract_period,13292,2850
es,contract_period,4893,2875
es,contract_period,10245,2900
es,contract_period,5777,2925
es,contract_period,11723,2950
es,contract_period,5957,2975
es,contract_period,35152,3000
es,contract_period,4945,3025
es,contract_period,10515,3050
es,contract_period,6492,3075
es,contract_period,10545,3100
es,contract_period,7781,3125
es,contract_period,10482,3150
es,contract_period,5157,3175
es,contract_period,11024,3200
es,contract_period,5965,3225
es,contract_period,9173,3250
es,contract_period,3721,3275
es,contract_period,9692,3300
es,contract_period,2773,3325
es,contract_period,7790,3350
es,contract_period,3601,3375
es,contract_period,10746,3400
es,contract_period,4500,3425
es,contract_period,11913,3450
es,contract_period,3643,3475
es,contract_period,21963,3500
es,contract_period,5341,3525
es,contract_period,8397,3550
es,contract_period,2765,3575
es,contract_period,12145,3600
es,contract_period,3542,3625
es,contract_period,8072,3650
es,contract_period,2872,3675
es,contract_period,9477,3700
es,contract_period,1758,3725
es,contract_period,6504,3750
es,contract_period,1981,3775
es,contract_period,10491,3800
es,contract_period,1925,3825
es,contract_period,8941,3850
es,contract_period,2243,3875
es,contract_period,9880,3900
es,contract_period,1827,3925
es,contract_period,5890,3950
es,contract_period,2031,3975
es,contract_period,19342,4000
es,contract_period,1296,4025
es,contract_period,8573,4050
es,contract_period,1552,4075
es,contract_period,11006,4100
es,contract_period,1635,4125
es,contract_period,11602,4150
es,contract_period,1584,4175
es,contract_period,15354,4200
es,contract_period,1829,4225
es,contract_period,9247,4250
es,contract_period,1069,4275
es,contract_period,9881,4300
es,contract_period,1017,4325
es,contract_period,7285,4350
es,contract_period,1896,4375
es,contract_period,9375,4400
es,contract_period,1678,4425
es,contract_period,6497,4450
es,contract_period,1584,4475
es,contract_period,19751,4500
es,contract_period,944,4525
es,contract_period,6644,4550
es,contract_period,934,4575
es,contract_period,6572,4600
es,contract_period,1880,4625
es,contract_period,8230,4650
es,contract_period,885,4675
es,contract_period,5648,4700
es,contract_period,840,4725
es,contract_period,8155,4750
es,contract_period,957,4775
es,contract_period,5914,4800
es,contract_period,720,4825
es,contract_period,6386,4850
es,contract_period,908,4875
es,contract_period,8998,4900
es,contract_period,720,4925
es,contract_period,5028,4950
es,contract_period,401,4975
es,contract_period,27677,5000
es,contract_period,236,5025
es,contract_period,1304,5050
es,contract_period,1764,5075
es,contract_period,2643,5100
es,contract_period,863,5125
es,contract_period,1638,5150
es,contract_period,1102,5175
es,contract_period,1685,5200
es,contract_period,2331,5225
es,contract_period,15360,5250
es,contract_period,1270,5275
es,contract_period,1986,5300
es,contract_period,855,5325
es,contract_period,1499,5350
es,contract_period,1022,5375
es,contract_period,537,5400
es,contract_period,1851,5425
es,contract_period,990,5450
es,contract_period,1509,5475
es,contract_period,30419,5500
es,contract_period,789,5525
es,contract_period,959,5550
es,contract_period,559,5575
es,contract_period,1366,5600
es,contract_period,396,5625
es,contract_period,1246,5650
es,contract_period,1043,5675
es,contract_period,872,5700
es,contract_period,486,5725
es,contract_period,16215,5750
es,contract_period,576,5775
es,contract_period,2036,5800
es,contract_period,1526,5825
es,contract_period,1766,5850
es,contract_period,1147,5875
es,contract_period,686,5900
es,contract_period,598,5925
es,contract_period,520,5950
es,contract_period,831,5975
es,contract_period,30012,6000
es,contract_period,320,6025
es,contract_period,683,6050
es,contract_period,941,6075
es,contract_period,533,6100
es,contract_period,363,6125
es,contract_period,786,6150
es,contract_period,460,6175
es,contract_period,1681,6200
es,contract_period,324,6225
es,contract_period,25474,6250
es,contract_period,117,6275
es,contract_period,320,6300
es,contract_period,95,6325
es,contract_period,35,6350
es,contract_period,240,6375
es,contract_period,540,6400
es,contract_period,947,6425
es,contract_period,242,6450
es,contract_period,369,6475
es,contract_period,29200,6500
es,contract_period,565,6525
es,contract_period,1200,6550
es,contract_period,191,6575
es,contract_period,283,6600
es,contract_period,358,6625
es,contract_period,819,6650
es,contract_period,702,6675
es,contract_period,196,6700
es,contract_period,628,6725
es,contract_period,14547,6750
es,contract_period,205,6775
es,contract_period,343,6800
es,contract_period,383,6825
es,contract_period,126,6850
es,contract_period,140,6875
es,contract_period,89,6900
es,contract_period,495,6925
es,contract_period,80,6950
es,contract_period,136,6975
es,contract_period,23618,7000
es,contract_period,212,7025
es,contract_period,598,7050
es,contract_period,215,7075
es,contract_period,445,7100
es,contract_period,628,7125
es,contract_period,461,7150
es,contract_period,344,7175
es,contract_period,360,7200
es,contract_period,286,7225
es,contract_period,14932,7250
es,contract_period,223,7275
es,contract_period,17,7300
es,contract_period,117,7325
es,contract_period,20,7350
es,contract_period,92,7375
es,contract_period,278,7400
es,contract_period,304,7425
es,contract_period,299,7450
es,contract_period,334,7475
es,contract_period,20485,7500
es,contract_period,211,7525
es,contract_period,108,7550
es,contract_period,288,7575
es,contract_period,455,7600
es,contract_period,99,7625
es,contract_period,347,7650
es,contract_period,354,7675
es,contract_period,491,7700
es,contract_period,84,7725
es,contract_period,11844,7750
es,contract_period,233,7775
es,contract_period,79,7800
es,contract_period,341,7825
es,contract_period,226,7850
es,contract_period,263,7875
es,contract_period,260,7900
es,contract_period,163,7925
es,contract_period,156,7950
es,contract_period,196,7975
es,contract_period,30336,8000
es,contract_period,374,8025
es,contract_period,82,8050
es,contract_period,200,8075
es,contract_period,162,8100
es,contract_period,62,8125
es,contract_period,234,8150
es,contract_period,185,8175
es,contract_period,268,8200
es,contract_period,300,8225
es,contract_period,12694,8250
es,contract_period,10,8275
es,contract_period,333,8300
es,contract_period,43,8325
es,contract_period,304,8350
es,contract_period,129,8375
es,contract_period,312,8400
es,contract_period,149,8425
es,contract_period,220,8450
es,contract_period,66,8475
es,contract_period,22644,8500
es,contract_period,17,8525
es,contract_period,40,8550
es,contract_period,118,8575
es,contract_period,972,8600
es,contract_period,30,8625
es,contract_period,185,8650
es,contract_period,184,8675
es,contract_period,338,8700
es,contract_period,157,8725
es,contract_period,12887,8750
es,contract_period,115,8775
es,contract_period,550,8800
es,contract_period,121,8825
es,contract_period,238,8850
es,contract_period,225,8875
es,contract_period,61,8900
es,contract_period,130,8925
es,contract_period,205,8950
es,contract_period,27,8975
es,contract_period,31075,9000
es,contract_period,65,9025
es,contract_period,282,9050
es,contract_period,113,9075
es,contract_period,10,9100
es,contract_period,200,9125
es,contract_period,205,9150
es,contract_period,12,9175
es,contract_period,202,9200
es,contract_period,227,9225
es,contract_period,17818,9250
es,contract_period,6,9275
es,contract_period,363,9300
es,contract_period,160,9325
es,contract_period,233,9350
es,contract_period,59,9375
es,contract_period,421,9400
es,contract_period,114,9425
es,contract_period,76,9450
es,contract_period,5,9475
es,contract_period,28527,9500
es,contract_period,148,9525
es,contract_period,30,9550
es,contract_period,232,9575
es,contract_period,146,9600
es,contract_period,170,9625
es,contract_period,5,9650
es,contract_period,186,9675
es,contract_period,520,9700
es,contract_period,64,9725
es,contract_period,11985,9750
es,contract_period,244,9775
es,contract_period,34,9800
es,contract_period,376,9825
es,contract_period,85,9850
es,contract_period,67,9875
es,contract_period,739,9900
es,contract_period,7,9925
es,contract_period,36,9950
es,contract_period,105,9975
es,121121,1116775,0
es,121121,21,1000
es,121121,219,1000
es,121121,200,1000
es,121121,28,1000
es,121121,13,1000
es,121121,1527,1000
es,121121,128,1025
es,121121,242,1025
es,121121,291,1050
es,121121,50,1050
es,121121,7,1050
es,121121,210,1050
es,121121,499,1075
es,121121,50,1075
es,121121,217,1075
es,121121,152,1100
es,121121,952,1100
es,121121,5,1100
es,121121,22,1100
es,121121,255,1125
es,121121,60,1125
es,121121,51,1150
es,121121,7,1150
es,121121,45,1150
es,121121,50,1175
es,121121,50,1200
es,121121,53,1200
es,121121,500,1200
es,121121,103,1200
es,121121,5,1200
es,121121,20,1200
es,121121,845,1225
es,121121,40,1250
es,121121,5,1250
es,121121,20,1250
es,121121,112,1250
es,121121,10,1275
es,121121,42,1275
es,121121,12,1275
es,121121,10,1300
es,121121,106,1300
es,121121,50,1300
es,121121,110,1325
es,121121,268,1350
es,121121,20,1350
es,121121,43,1350
es,121121,6,1375
es,121121,35,1375
es,121121,45,1377
es,121121,212,1377.25
es,121121,338,1377.5
es,121121,496,1377.75
es,121121,1963,1378
es,121121,1604,1378.25
es,121121,2008,1378.5
es,121121,2479,1378.75
es,121121,2799,1379
es,121121,1795,1379.25
es,121121,2173,1379.5
es,121121,2088,1379.75
es,121121,2763,1380
es,121121,1806,1380.25
es,121121,2397,1380.5
es,121121,3007,1380.75
es,121121,3235,1381
es,121121,4038,1381.25
es,121121,4306,1381.5
es,121121,4073,1381.75
es,121121,3379,1382
es,121121,6189,1382.25
es,121121,5495,1382.5
es,121121,5742,1382.75
es,121121,5291,1383
es,121121,5511,1383.25
es,121121,6914,1383.5
es,121121,6434,1383.75
es,121121,5326,1384
es,121121,14105,1384.25
es,121121,25534,1384.5
es,121121,30520,1384.75
es,121121,60226,1385
es,121121,56570,1385.25
es,121121,58019,1385.5
es,121121,52828,1385.75
es,121121,51270,1386
es,121121,52015,1386.25
es,121121,54184,1386.5
es,121121,36668,1386.75
es,121121,45432,1387
es,121121,50095,1387.25
es,121121,67490,1387.5
es,121121,69390,1387.75
es,121121,82484,1388
es,121121,54708,1388.25
es,121121,56802,1388.5
es,121121,32457,1388.75
es,121121,11008,1389
es,121121,3398,1389.25
es,121121,2021,1389.5
es,121121,400,1389.75
es,121121,169,1400
es,121121,200,1400
es,121121,336,1400
es,121121,64,1400
es,121121,5,1425
es,121121,8,1425
es,121121,27,1450
es,121121,88,1450
es,121121,30,1450
es,121121,6,1475
es,121121,10,1475
es,121121,156,1500
es,121121,63,1500
es,121121,165,1500
es,121121,114,1500
es,121121,153,1500
es,121121,1520,1500
es,121121,20,1500
es,121121,20,1500
es,121121,59,1525
es,121121,151,1525
es,121121,182,1550
es,121121,260,1550
es,121121,148,1575
es,121121,12,1575
es,121121,27,1600
es,121121,79,1600
es,121121,10,1600
es,121121,20,1600
es,121121,13,1600
es,121121,37,1650
es,121121,8,1650
es,121121,245,1650
es,121121,35,1675
es,121121,12,1700
es,121121,38,1700
es,121121,568,1700
es,121121,103,1700
es,121121,229,1725
es,121121,203,1750
es,121121,32,1750
es,121121,53,1750
es,121121,10,1750
es,121121,7,1750
es,121121,83,1775
es,121121,5,1800
es,121121,98,1800
es,121121,5,1800
es,121121,21,1850
es,121121,43,1850
es,121121,35,1850
es,121121,417,1875
es,121121,500,1900
es,121121,68,1900
es,121121,7,1900
es,121121,20,1900
es,121121,6,1925
es,121121,38,1925
es,121121,10,1950
es,121121,10,1950
es,121121,22,1950
es,121121,10,1950
es,121121,130,1975
es,121121,5,1975
es,121121,45,2000
es,121121,13,2000
es,121121,100,2000
es,121121,5,2000
es,121121,128,2000
es,121121,229,2000
es,121121,209,2000
es,121121,100,2000
es,121121,401,2000
es,121121,9,2025
es,121121,23,2025
es,121121,5,2025
es,121121,50,2050
es,121121,110,2050
es,121121,12,2050
es,121121,15,2050
es,121121,12,2075
es,121121,13,2075
es,121121,16,2100
es,121121,11,2100
es,121121,36,2100
es,121121,100,2100
es,121121,16,2125
es,121121,25,2150
es,121121,5,2150
es,121121,30,2150
es,121121,9,2175
es,121121,72,2200
es,121121,9,2200
es,121121,51,2225
es,121121,12,2225
es,121121,6,2250
es,121121,162,2250
es,121121,201,2250
es,121121,5,2250
es,121121,80,2275
es,121121,54,2300
es,121121,112,2300
es,121121,50,2300
es,121121,20,2350
es,121121,5,2350
es,121121,40,2375
es,121121,50,2375
es,121121,20,2400
es,121121,10,2425
es,121121,10,2450
es,121121,27,2475
es,121121,25,2475
es,121121,11,2500
es,121121,452,2500
es,121121,23,2500
es,121121,194,2500
es,121121,50,2500
es,121121,30,2550
es,121121,574,2550
es,121121,46,2600
es,121121,5,2600
es,121121,6,2600
es,121121,110,2625
es,121121,51,2675
es,121121,5,2700
es,121121,10,2700
es,121121,27,2750
es,121121,20,2750
es,121121,56,2775
es,121121,65,2800
es,121121,25,2800
es,121121,10,2825
es,121121,28,2850
es,121121,31,2850
es,121121,60,2900
es,121121,5,2900
es,121121,10,2925
es,121121,61,2950
es,121121,212,2975
es,121121,221,3000
es,121121,15,3000
es,121121,311,3000
es,121121,350,3000
es,121121,8,3000
es,121121,300,3000
es,121121,27,3000
es,121121,24,3025
es,121121,27,3025
es,121121,10,3050
es,121121,10,3075
es,121121,5,3075
es,121121,45,3100
es,121121,20,3125
es,121121,5,3150
es,121121,50,3200
es,121121,20,3250
es,121121,50,3300
es,121121,5,3300
es,121121,10,3325
es,121121,106,3350
es,121121,5,3375
es,121121,61,3400
es,121121,6,3400
es,121121,6,3400
es,121121,50,3400
es,121121,106,3450
es,121121,41,3450
es,121121,148,3500
es,121121,225,3500
es,121121,1000,3500
es,121121,150,3500
es,121121,191,3500
es,121121,26,3500
es,121121,85,3500
es,121121,58,3550
es,121121,290,3550
es,121121,191,3600
es,121121,6,3600
es,121121,20,3625
es,121121,157,3650
es,121121,175,3700
es,121121,200,3700
es,121121,150,3700
es,121121,55,3750
es,121121,126,3750
es,121121,275,3800
es,121121,523,3800
es,121121,150,3900
es,121121,50,3900
es,121121,51,3950
es,121121,50,3950
es,121121,25,4000
es,121121,89,4000
es,121121,5,4000
es,121121,75,4000
es,121121,334,4000
es,121121,100,4050
es,121121,89,4050
es,121121,10,4150
es,121121,100,4150
es,121121,130,4200
es,121121,150,4250
es,121121,10,4250
es,121121,50,4300
es,121121,105,4300
es,121121,25,4300
es,121121,39,4350
es,121121,34,4350
es,121121,53,4400
es,121121,36,4400
es,121121,34,4450
es,121121,86,4450
es,121121,92,4500
es,121121,150,4500
es,121121,105,4500
es,121121,56,4500
es,121121,757,4500
es,121121,535,4500
es,121121,51,4500
es,121121,262,4550
es,121121,15,4600
es,121121,257,4700
es,121121,1050,4750
es,121121,100,4800
es,121121,10,4900
es,121121,41,4900
es,121121,5,4900
es,121121,25,4950
es,121121,5,4950
es,121121,250,5000
es,121121,150,5000
es,121121,150,5000
es,121121,32,5000
es,121121,36,5000
es,121121,10,5000
es,121121,30,5000
es,121121,478,5250
es,121121,274,5500
es,121121,300,5500
es,121121,602,5500
es,121121,1379,5500
es,121121,118,5500
es,121121,219,5750
es,121121,15,5750
es,121121,191,5750
es,121121,89,6000
es,121121,2521,6000
es,121121,428,6000
es,121121,75,6000
es,121121,123,6000
es,121121,132,6250
es,121121,788,6250
es,121121,51,6500
es,121121,97,6500
es,121121,103,6500
es,121121,357,6500
es,121121,152,6500
es,121121,40,6750
es,121121,51,6750
es,121121,132,6750
es,121121,118,7000
es,121121,126,7000
es,121121,300,7250
es,121121,6,7500
es,121121,21,7500
es,121121,31,7500
es,121121,5,7750
es,121121,12,7750
es,121121,59,8000
es,121121,5,8000
es,121121,29,8000
es,121121,205,8000
es,121121,10,8000
es,121121,51,8100
es,121121,395,8250
es,121121,50,8250
es,121121,7,8250
es,121121,7,8500
es,121121,427,8500
es,121121,105,8500
es,121121,5,8500
es,121121,125,8500
es,121121,101,8750
es,121121,115,8750
es,121121,52,8750
es,121121,956,9000
es,121121,20,9000
es,121121,7,9250
es,121121,135,9500
es,121121,100,9500
es,121121,564,9500
es,121121,18,9500
es,121121,202,9750
es,121121,121,9750
