gc,121123,154078,0
gc,121123,22,1728.1
gc,121123,36,1728.3
gc,121123,50,1728.4
gc,121123,74,1728.5
gc,121123,74,1728.6
gc,121123,105,1728.7
gc,121123,205,1728.8
gc,121123,299,1728.9
gc,121123,624,1729
gc,121123,482,1729.1
gc,121123,682,1729.2
gc,121123,652,1729.3
gc,121123,788,1729.4
gc,121123,1341,1729.5
gc,121123,1147,1729.6
gc,121123,1084,1729.7
gc,121123,962,1729.8
gc,121123,825,1729.9
gc,121123,900,1730
gc,121123,679,1730.1
gc,121123,911,1730.2
gc,121123,745,1730.3
gc,121123,648,1730.4
gc,121123,767,1730.5
gc,121123,638,1730.6
gc,121123,986,1730.7
gc,121123,992,1730.8
gc,121123,990,1730.9
gc,121123,1476,1731
gc,121123,1067,1731.1
gc,121123,1173,1731.2
gc,121123,1060,1731.3
gc,121123,940,1731.4
gc,121123,1248,1731.5
gc,121123,972,1731.6
gc,121123,1103,1731.7
gc,121123,1121,1731.8
gc,121123,923,1731.9
gc,121123,1060,1732
gc,121123,602,1732.1
gc,121123,595,1732.2
gc,121123,690,1732.3
gc,121123,560,1732.4
gc,121123,832,1732.5
gc,121123,817,1732.6
gc,121123,909,1732.7
gc,121123,742,1732.8
gc,121123,1048,1732.9
gc,121123,1218,1733
gc,121123,1080,1733.1
gc,121123,876,1733.2
gc,121123,869,1733.3
gc,121123,908,1733.4
gc,121123,1315,1733.5
gc,121123,1349,1733.6
gc,121123,1367,1733.7
gc,121123,1299,1733.8
gc,121123,1774,1733.9
gc,121123,1805,1734
gc,121123,1163,1734.1
gc,121123,970,1734.2
gc,121123,632,1734.3
gc,121123,539,1734.4
gc,121123,543,1734.5
gc,121123,429,1734.6
gc,121123,346,1734.7
gc,121123,192,1734.8
gc,121123,243,1734.9
gc,121123,264,1735
gc,121123,160,1735.1
gc,121123,189,1735.2
gc,121123,291,1735.3
gc,121123,357,1735.4
gc,121123,197,1735.5
gc,121123,87,1735.6
gc,121123,68,1735.7
gc,121123,130,1735.8
gc,121123,49,1735.9
gc,121123,57,1736
gc,121123,70,1736.1
gc,121123,71,1736.2
gc,121123,117,1736.3
gc,121123,22,1736.4
gc,121123,22,1736.5
gc,121123,17,1736.6
gc,121123,17,1736.7
gc,121123,22,1736.8
gc,121123,29,1736.9
gc,121123,56,1737
gc,121123,35,1737.1
gc,121123,36,1737.3
gc,121123,21,1737.4
gc,121123,27,1737.5
gc,121123,19,1737.6
gc,121123,42,1737.7
gc,121123,72,1737.8
gc,121123,198,1737.9
gc,121123,202,1738
gc,121123,103,1738.2
gc,121123,23,1738.3
gc,121123,57,1738.5
gc,121123,219,1738.6
gc,121123,43,1738.8
gc,121123,35,1739
gc,121123,86,1739.1
gc,121123,49,1739.2
gc,121123,18,1739.3
gc,121123,62,1739.4
gc,121123,150,1739.5
gc,121123,99,1739.8
gc,121123,19,1739.9
gc,121123,188,1740
gc,121123,16,1740.2
gc,121123,37,1740.3
gc,121123,21,1740.5
gc,121123,64,1740.8
gc,121123,15,1740.9
gc,121123,96,1741
gc,121123,31,1741.2
gc,121123,28,1741.5
gc,121123,36,1741.6
gc,121123,28,1741.7
gc,121123,28,1741.8
gc,121123,117,1742
gc,121123,24,1742.2
gc,121123,197,1742.5
gc,121123,179,1742.6
gc,121123,169,1742.7
gc,121123,331,1742.8
gc,121123,293,1742.9
gc,121123,360,1743
gc,121123,303,1743.1
gc,121123,227,1743.2
gc,121123,276,1743.3
gc,121123,286,1743.4
gc,121123,331,1743.5
gc,121123,361,1743.6
gc,121123,436,1743.7
gc,121123,659,1743.8
gc,121123,942,1743.9
gc,121123,1438,1744
gc,121123,917,1744.1
gc,121123,735,1744.2
gc,121123,378,1744.3
gc,121123,274,1744.4
gc,121123,513,1744.5
gc,121123,428,1744.6
gc,121123,342,1744.7
gc,121123,412,1744.8
gc,121123,492,1744.9
gc,121123,520,1745
gc,121123,430,1745.1
gc,121123,1393,1745.2
gc,121123,358,1745.3
gc,121123,190,1745.4
gc,121123,275,1745.5
gc,121123,191,1745.6
gc,121123,267,1745.7
gc,121123,287,1745.8
gc,121123,288,1745.9
gc,121123,597,1746
gc,121123,322,1746.1
gc,121123,380,1746.2
gc,121123,522,1746.3
gc,121123,737,1746.4
gc,121123,713,1746.5
gc,121123,701,1746.6
gc,121123,741,1746.7
gc,121123,701,1746.8
gc,121123,740,1746.9
gc,121123,666,1747
gc,121123,649,1747.1
gc,121123,858,1747.2
gc,121123,766,1747.3
gc,121123,820,1747.4
gc,121123,693,1747.5
gc,121123,543,1747.6
gc,121123,537,1747.7
gc,121123,553,1747.8
gc,121123,475,1747.9
gc,121123,1674,1748
gc,121123,837,1748.1
gc,121123,953,1748.2
gc,121123,679,1748.3
gc,121123,671,1748.4
gc,121123,884,1748.5
gc,121123,664,1748.6
gc,121123,587,1748.7
gc,121123,500,1748.8
gc,121123,387,1748.9
gc,121123,481,1749
gc,121123,324,1749.1
gc,121123,299,1749.2
gc,121123,401,1749.3
gc,121123,354,1749.4
gc,121123,356,1749.5
gc,121123,280,1749.6
gc,121123,355,1749.7
gc,121123,283,1749.8
gc,121123,149,1749.9
gc,121123,270,1750
gc,121123,209,1750.1
gc,121123,92,1750.2
gc,121123,227,1750.3
gc,121123,262,1750.4
gc,121123,382,1750.5
gc,121123,398,1750.6
gc,121123,346,1750.7
gc,121123,406,1750.8
gc,121123,393,1750.9
gc,121123,416,1751
gc,121123,432,1751.1
gc,121123,451,1751.2
gc,121123,570,1751.3
gc,121123,879,1751.4
gc,121123,468,1751.5
gc,121123,272,1751.6
gc,121123,348,1751.7
gc,121123,379,1751.8
gc,121123,383,1751.9
gc,121123,639,1752
gc,121123,582,1752.1
gc,121123,424,1752.2
gc,121123,249,1752.3
gc,121123,196,1752.4
gc,121123,311,1752.5
gc,121123,327,1752.6
gc,121123,214,1752.7
gc,121123,224,1752.8
gc,121123,224,1752.9
gc,121123,431,1753
gc,121123,232,1753.1
gc,121123,113,1753.2
gc,121123,259,1753.3
gc,121123,150,1753.4
gc,121123,144,1753.5
gc,121123,66,1753.6
gc,121123,80,1753.7
gc,121123,71,1753.8
gc,121123,109,1753.9
gc,121123,124,1754
gc,121123,79,1754.1
gc,121123,94,1754.2
gc,121123,104,1754.3
gc,121123,122,1754.4
gc,121123,34,1754.5
gc,121123,35,1754.6
gc,121123,27,1754.8
gc,121123,27,1754.9
gc,121123,143,1755
gc,121118-121124,509988,0
gc,121118-121124,41,1714.2
gc,121118-121124,95,1714.4
gc,121118-121124,136,1714.5
gc,121118-121124,33,1714.6
gc,121118-121124,43,1714.7
gc,121118-121124,34,1714.8
gc,121118-121124,36,1714.9
gc,121118-121124,40,1715
gc,121118-121124,36,1715.1
gc,121118-121124,58,1715.3
gc,121118-121124,64,1715.5
gc,121118-121124,80,1715.6
gc,121118-121124,77,1715.7
gc,121118-121124,58,1715.8
gc,121118-121124,70,1715.9
gc,121118-121124,97,1716
gc,121118-121124,49,1716.1
gc,121118-121124,89,1716.2
gc,121118-121124,96,1716.3
gc,121118-121124,48,1716.4
gc,121118-121124,71,1716.5
gc,121118-121124,133,1716.6
gc,121118-121124,110,1716.7
gc,121118-121124,135,1716.8
gc,121118-121124,101,1716.9
gc,121118-121124,146,1717
gc,121118-121124,116,1717.1
gc,121118-121124,165,1717.2
gc,121118-121124,90,1717.3
gc,121118-121124,101,1717.4
gc,121118-121124,181,1717.5
gc,121118-121124,90,1717.6
gc,121118-121124,132,1717.7
gc,121118-121124,261,1717.8
gc,121118-121124,84,1717.9
gc,121118-121124,134,1718
gc,121118-121124,98,1718.1
gc,121118-121124,149,1718.2
gc,121118-121124,62,1718.3
gc,121118-121124,130,1718.4
gc,121118-121124,167,1718.5
gc,121118-121124,63,1718.6
gc,121118-121124,38,1718.7
gc,121118-121124,135,1718.8
gc,121118-121124,251,1718.9
gc,121118-121124,80,1719
gc,121118-121124,37,1719.2
gc,121118-121124,67,1719.3
gc,121118-121124,225,1719.4
gc,121118-121124,279,1719.5
gc,121118-121124,281,1719.6
gc,121118-121124,226,1719.7
gc,121118-121124,169,1719.8
gc,121118-121124,105,1719.9
gc,121118-121124,117,1720
gc,121118-121124,61,1720.2
gc,121118-121124,182,1720.3
gc,121118-121124,188,1720.4
gc,121118-121124,266,1720.5
gc,121118-121124,328,1720.6
gc,121118-121124,297,1720.7
gc,121118-121124,302,1720.8
gc,121118-121124,224,1720.9
gc,121118-121124,295,1721
gc,121118-121124,457,1721.1
gc,121118-121124,383,1721.2
gc,121118-121124,388,1721.3
gc,121118-121124,538,1721.4
gc,121118-121124,692,1721.5
gc,121118-121124,728,1721.6
gc,121118-121124,1075,1721.7
gc,121118-121124,1358,1721.8
gc,121118-121124,1295,1721.9
gc,121118-121124,1491,1722
gc,121118-121124,1569,1722.1
gc,121118-121124,1430,1722.2
gc,121118-121124,1425,1722.3
gc,121118-121124,960,1722.4
gc,121118-121124,1755,1722.5
gc,121118-121124,1214,1722.6
gc,121118-121124,1313,1722.7
gc,121118-121124,1272,1722.8
gc,121118-121124,1502,1722.9
gc,121118-121124,2444,1723
gc,121118-121124,1454,1723.1
gc,121118-121124,1576,1723.2
gc,121118-121124,1418,1723.3
gc,121118-121124,1565,1723.4
gc,121118-121124,2380,1723.5
gc,121118-121124,2328,1723.6
gc,121118-121124,2493,1723.7
gc,121118-121124,2780,1723.8
gc,121118-121124,2535,1723.9
gc,121118-121124,3792,1724
gc,121118-121124,2163,1724.1
gc,121118-121124,2347,1724.2
gc,121118-121124,1812,1724.3
gc,121118-121124,1696,1724.4
gc,121118-121124,1579,1724.5
gc,121118-121124,1639,1724.6
gc,121118-121124,1817,1724.7
gc,121118-121124,2048,1724.8
gc,121118-121124,1635,1724.9
gc,121118-121124,2476,1725
gc,121118-121124,1406,1725.1
gc,121118-121124,1758,1725.2
gc,121118-121124,1584,1725.3
gc,121118-121124,1665,1725.4
gc,121118-121124,1643,1725.5
gc,121118-121124,1454,1725.6
gc,121118-121124,1703,1725.7
gc,121118-121124,1907,1725.8
gc,121118-121124,1902,1725.9
gc,121118-121124,2883,1726
gc,121118-121124,2004,1726.1
gc,121118-121124,2105,1726.2
gc,121118-121124,2361,1726.3
gc,121118-121124,2572,1726.4
gc,121118-121124,2691,1726.5
gc,121118-121124,2242,1726.6
gc,121118-121124,2431,1726.7
gc,121118-121124,2361,1726.8
gc,121118-121124,2363,1726.9
gc,121118-121124,2904,1727
gc,121118-121124,2115,1727.1
gc,121118-121124,2105,1727.2
gc,121118-121124,1837,1727.3
gc,121118-121124,1990,1727.4
gc,121118-121124,2511,1727.5
gc,121118-121124,1702,1727.6
gc,121118-121124,1904,1727.7
gc,121118-121124,2161,1727.8
gc,121118-121124,2002,1727.9
gc,121118-121124,2616,1728
gc,121118-121124,1962,1728.1
gc,121118-121124,2053,1728.2
gc,121118-121124,1871,1728.3
gc,121118-121124,1606,1728.4
gc,121118-121124,1648,1728.5
gc,121118-121124,1446,1728.6
gc,121118-121124,1450,1728.7
gc,121118-121124,2255,1728.8
gc,121118-121124,2193,1728.9
gc,121118-121124,3806,1729
gc,121118-121124,2562,1729.1
gc,121118-121124,2725,1729.2
gc,121118-121124,2573,1729.3
gc,121118-121124,2780,1729.4
gc,121118-121124,3435,1729.5
gc,121118-121124,3414,1729.6
gc,121118-121124,3500,1729.7
gc,121118-121124,3668,1729.8
gc,121118-121124,3477,1729.9
gc,121118-121124,5632,1730
gc,121118-121124,3215,1730.1
gc,121118-121124,3439,1730.2
gc,121118-121124,3210,1730.3
gc,121118-121124,3547,1730.4
gc,121118-121124,3872,1730.5
gc,121118-121124,3318,1730.6
gc,121118-121124,3419,1730.7
gc,121118-121124,3459,1730.8
gc,121118-121124,3300,1730.9
gc,121118-121124,5117,1731
gc,121118-121124,3768,1731.1
gc,121118-121124,3682,1731.2
gc,121118-121124,3139,1731.3
gc,121118-121124,3259,1731.4
gc,121118-121124,3960,1731.5
gc,121118-121124,3402,1731.6
gc,121118-121124,3400,1731.7
gc,121118-121124,3578,1731.8
gc,121118-121124,3372,1731.9
gc,121118-121124,3597,1732
gc,121118-121124,2353,1732.1
gc,121118-121124,2520,1732.2
gc,121118-121124,2578,1732.3
gc,121118-121124,2334,1732.4
gc,121118-121124,2727,1732.5
gc,121118-121124,2227,1732.6
gc,121118-121124,2588,1732.7
gc,121118-121124,2608,1732.8
gc,121118-121124,3278,1732.9
gc,121118-121124,4597,1733
gc,121118-121124,3853,1733.1
gc,121118-121124,4150,1733.2
gc,121118-121124,4361,1733.3
gc,121118-121124,3998,1733.4
gc,121118-121124,4582,1733.5
gc,121118-121124,4056,1733.6
gc,121118-121124,4051,1733.7
gc,121118-121124,3606,1733.8
gc,121118-121124,4006,1733.9
gc,121118-121124,4766,1734
gc,121118-121124,3368,1734.1
gc,121118-121124,3137,1734.2
gc,121118-121124,2217,1734.3
gc,121118-121124,2294,1734.4
gc,121118-121124,2353,1734.5
gc,121118-121124,1592,1734.6
gc,121118-121124,1213,1734.7
gc,121118-121124,930,1734.8
gc,121118-121124,823,1734.9
gc,121118-121124,1170,1735
gc,121118-121124,629,1735.1
gc,121118-121124,487,1735.2
gc,121118-121124,561,1735.3
gc,121118-121124,493,1735.4
gc,121118-121124,285,1735.5
gc,121118-121124,144,1735.6
gc,121118-121124,68,1735.7
gc,121118-121124,130,1735.8
gc,121118-121124,122,1735.9
gc,121118-121124,113,1736
gc,121118-121124,70,1736.1
gc,121118-121124,71,1736.2
gc,121118-121124,117,1736.3
gc,121118-121124,22,1736.4
gc,121118-121124,22,1736.5
gc,121118-121124,17,1736.6
gc,121118-121124,17,1736.7
gc,121118-121124,22,1736.8
gc,121118-121124,29,1736.9
gc,121118-121124,56,1737
gc,121118-121124,35,1737.1
gc,121118-121124,36,1737.3
gc,121118-121124,21,1737.4
gc,121118-121124,27,1737.5
gc,121118-121124,19,1737.6
gc,121118-121124,42,1737.7
gc,121118-121124,72,1737.8
gc,121118-121124,198,1737.9
gc,121118-121124,202,1738
gc,121118-121124,103,1738.2
gc,121118-121124,23,1738.3
gc,121118-121124,57,1738.5
gc,121118-121124,219,1738.6
gc,121118-121124,43,1738.8
gc,121118-121124,35,1739
gc,121118-121124,86,1739.1
gc,121118-121124,49,1739.2
gc,121118-121124,18,1739.3
gc,121118-121124,62,1739.4
gc,121118-121124,150,1739.5
gc,121118-121124,99,1739.8
gc,121118-121124,19,1739.9
gc,121118-121124,188,1740
gc,121118-121124,16,1740.2
gc,121118-121124,37,1740.3
gc,121118-121124,21,1740.5
gc,121118-121124,64,1740.8
gc,121118-121124,15,1740.9
gc,121118-121124,96,1741
gc,121118-121124,31,1741.2
gc,121118-121124,28,1741.5
gc,121118-121124,36,1741.6
gc,121118-121124,28,1741.7
gc,121118-121124,28,1741.8
gc,121118-121124,117,1742
gc,121118-121124,24,1742.2
gc,121118-121124,197,1742.5
gc,121118-121124,179,1742.6
gc,121118-121124,169,1742.7
gc,121118-121124,331,1742.8
gc,121118-121124,293,1742.9
gc,121118-121124,360,1743
gc,121118-121124,303,1743.1
gc,121118-121124,227,1743.2
gc,121118-121124,276,1743.3
gc,121118-121124,286,1743.4
gc,121118-121124,331,1743.5
gc,121118-121124,361,1743.6
gc,121118-121124,436,1743.7
gc,121118-121124,659,1743.8
gc,121118-121124,942,1743.9
gc,121118-121124,1438,1744
gc,121118-121124,917,1744.1
gc,121118-121124,735,1744.2
gc,121118-121124,378,1744.3
gc,121118-121124,274,1744.4
gc,121118-121124,513,1744.5
gc,121118-121124,428,1744.6
gc,121118-121124,342,1744.7
gc,121118-121124,412,1744.8
gc,121118-121124,492,1744.9
gc,121118-121124,520,1745
gc,121118-121124,430,1745.1
gc,121118-121124,1393,1745.2
gc,121118-121124,358,1745.3
gc,121118-121124,190,1745.4
gc,121118-121124,275,1745.5
gc,121118-121124,191,1745.6
gc,121118-121124,267,1745.7
gc,121118-121124,287,1745.8
gc,121118-121124,288,1745.9
gc,121118-121124,597,1746
gc,121118-121124,322,1746.1
gc,121118-121124,380,1746.2
gc,121118-121124,522,1746.3
gc,121118-121124,737,1746.4
gc,121118-121124,713,1746.5
gc,121118-121124,701,1746.6
gc,121118-121124,741,1746.7
gc,121118-121124,701,1746.8
gc,121118-121124,740,1746.9
gc,121118-121124,666,1747
gc,121118-121124,649,1747.1
gc,121118-121124,858,1747.2
gc,121118-121124,766,1747.3
gc,121118-121124,820,1747.4
gc,121118-121124,693,1747.5
gc,121118-121124,543,1747.6
gc,121118-121124,537,1747.7
gc,121118-121124,553,1747.8
gc,121118-121124,475,1747.9
gc,121118-121124,1674,1748
gc,121118-121124,837,1748.1
gc,121118-121124,953,1748.2
gc,121118-121124,679,1748.3
gc,121118-121124,671,1748.4
gc,121118-121124,884,1748.5
gc,121118-121124,664,1748.6
gc,121118-121124,587,1748.7
gc,121118-121124,500,1748.8
gc,121118-121124,387,1748.9
gc,121118-121124,481,1749
gc,121118-121124,324,1749.1
gc,121118-121124,299,1749.2
gc,121118-121124,401,1749.3
gc,121118-121124,354,1749.4
gc,121118-121124,356,1749.5
gc,121118-121124,280,1749.6
gc,121118-121124,355,1749.7
gc,121118-121124,283,1749.8
gc,121118-121124,149,1749.9
gc,121118-121124,270,1750
gc,121118-121124,209,1750.1
gc,121118-121124,92,1750.2
gc,121118-121124,227,1750.3
gc,121118-121124,262,1750.4
gc,121118-121124,382,1750.5
gc,121118-121124,398,1750.6
gc,121118-121124,346,1750.7
gc,121118-121124,406,1750.8
gc,121118-121124,393,1750.9
gc,121118-121124,416,1751
gc,121118-121124,432,1751.1
gc,121118-121124,451,1751.2
gc,121118-121124,570,1751.3
gc,121118-121124,879,1751.4
gc,121118-121124,468,1751.5
gc,121118-121124,272,1751.6
gc,121118-121124,348,1751.7
gc,121118-121124,379,1751.8
gc,121118-121124,383,1751.9
gc,121118-121124,639,1752
gc,121118-121124,582,1752.1
gc,121118-121124,424,1752.2
gc,121118-121124,249,1752.3
gc,121118-121124,196,1752.4
gc,121118-121124,311,1752.5
gc,121118-121124,327,1752.6
gc,121118-121124,214,1752.7
gc,121118-121124,224,1752.8
gc,121118-121124,224,1752.9
gc,121118-121124,431,1753
gc,121118-121124,232,1753.1
gc,121118-121124,113,1753.2
gc,121118-121124,259,1753.3
gc,121118-121124,150,1753.4
gc,121118-121124,144,1753.5
gc,121118-121124,66,1753.6
gc,121118-121124,80,1753.7
gc,121118-121124,71,1753.8
gc,121118-121124,109,1753.9
gc,121118-121124,124,1754
gc,121118-121124,79,1754.1
gc,121118-121124,94,1754.2
gc,121118-121124,104,1754.3
gc,121118-121124,122,1754.4
gc,121118-121124,34,1754.5
gc,121118-121124,35,1754.6
gc,121118-121124,27,1754.8
gc,121118-121124,27,1754.9
gc,121118-121124,143,1755
gc,121111-121117,668950,0
gc,121111-121117,68,1704.7
gc,121111-121117,44,1704.8
gc,121111-121117,72,1704.9
gc,121111-121117,202,1705
gc,121111-121117,403,1705.1
gc,121111-121117,223,1705.2
gc,121111-121117,254,1705.3
gc,121111-121117,101,1705.4
gc,121111-121117,124,1705.5
gc,121111-121117,204,1705.6
gc,121111-121117,323,1705.7
gc,121111-121117,228,1705.8
gc,121111-121117,227,1705.9
gc,121111-121117,476,1706
gc,121111-121117,157,1706.1
gc,121111-121117,138,1706.2
gc,121111-121117,271,1706.3
gc,121111-121117,205,1706.4
gc,121111-121117,485,1706.5
gc,121111-121117,238,1706.6
gc,121111-121117,318,1706.7
gc,121111-121117,399,1706.8
gc,121111-121117,361,1706.9
gc,121111-121117,646,1707
gc,121111-121117,297,1707.1
gc,121111-121117,464,1707.2
gc,121111-121117,396,1707.3
gc,121111-121117,445,1707.4
gc,121111-121117,662,1707.5
gc,121111-121117,688,1707.6
gc,121111-121117,668,1707.7
gc,121111-121117,531,1707.8
gc,121111-121117,718,1707.9
gc,121111-121117,902,1708
gc,121111-121117,641,1708.1
gc,121111-121117,818,1708.2
gc,121111-121117,1081,1708.3
gc,121111-121117,1055,1708.4
gc,121111-121117,1579,1708.5
gc,121111-121117,1128,1708.6
gc,121111-121117,1024,1708.7
gc,121111-121117,951,1708.8
gc,121111-121117,800,1708.9
gc,121111-121117,1110,1709
gc,121111-121117,732,1709.1
gc,121111-121117,1089,1709.2
gc,121111-121117,919,1709.3
gc,121111-121117,792,1709.4
gc,121111-121117,1113,1709.5
gc,121111-121117,1159,1709.6
gc,121111-121117,1175,1709.7
gc,121111-121117,1320,1709.8
gc,121111-121117,1339,1709.9
gc,121111-121117,2017,1710
gc,121111-121117,1144,1710.1
gc,121111-121117,1269,1710.2
gc,121111-121117,1203,1710.3
gc,121111-121117,1179,1710.4
gc,121111-121117,1521,1710.5
gc,121111-121117,1697,1710.6
gc,121111-121117,1879,1710.7
gc,121111-121117,1715,1710.8
gc,121111-121117,1503,1710.9
gc,121111-121117,2478,1711
gc,121111-121117,1753,1711.1
gc,121111-121117,2056,1711.2
gc,121111-121117,2025,1711.3
gc,121111-121117,2455,1711.4
gc,121111-121117,2720,1711.5
gc,121111-121117,2338,1711.6
gc,121111-121117,2436,1711.7
gc,121111-121117,2829,1711.8
gc,121111-121117,2356,1711.9
gc,121111-121117,3773,1712
gc,121111-121117,2908,1712.1
gc,121111-121117,2594,1712.2
gc,121111-121117,2602,1712.3
gc,121111-121117,2668,1712.4
gc,121111-121117,2904,1712.5
gc,121111-121117,3101,1712.6
gc,121111-121117,3247,1712.7
gc,121111-121117,3233,1712.8
gc,121111-121117,2877,1712.9
gc,121111-121117,4166,1713
gc,121111-121117,2893,1713.1
gc,121111-121117,3413,1713.2
gc,121111-121117,3112,1713.3
gc,121111-121117,3397,1713.4
gc,121111-121117,3968,1713.5
gc,121111-121117,3194,1713.6
gc,121111-121117,3041,1713.7
gc,121111-121117,3586,1713.8
gc,121111-121117,2755,1713.9
gc,121111-121117,3835,1714
gc,121111-121117,2213,1714.1
gc,121111-121117,2533,1714.2
gc,121111-121117,2004,1714.3
gc,121111-121117,1862,1714.4
gc,121111-121117,2342,1714.5
gc,121111-121117,2307,1714.6
gc,121111-121117,2234,1714.7
gc,121111-121117,1884,1714.8
gc,121111-121117,1536,1714.9
gc,121111-121117,3065,1715
gc,121111-121117,1837,1715.1
gc,121111-121117,1798,1715.2
gc,121111-121117,1861,1715.3
gc,121111-121117,1788,1715.4
gc,121111-121117,2619,1715.5
gc,121111-121117,2415,1715.6
gc,121111-121117,1943,1715.7
gc,121111-121117,1939,1715.8
gc,121111-121117,1389,1715.9
gc,121111-121117,1802,1716
gc,121111-121117,902,1716.1
gc,121111-121117,1015,1716.2
gc,121111-121117,1130,1716.3
gc,121111-121117,1001,1716.4
gc,121111-121117,798,1716.5
gc,121111-121117,558,1716.6
gc,121111-121117,354,1716.7
gc,121111-121117,432,1716.8
gc,121111-121117,299,1716.9
gc,121111-121117,549,1717
gc,121111-121117,271,1717.1
gc,121111-121117,339,1717.2
gc,121111-121117,264,1717.3
gc,121111-121117,395,1717.4
gc,121111-121117,737,1717.5
gc,121111-121117,628,1717.6
gc,121111-121117,734,1717.7
gc,121111-121117,604,1717.8
gc,121111-121117,529,1717.9
gc,121111-121117,1233,1718
gc,121111-121117,1149,1718.1
gc,121111-121117,900,1718.2
gc,121111-121117,716,1718.3
gc,121111-121117,978,1718.4
gc,121111-121117,1075,1718.5
gc,121111-121117,1022,1718.6
gc,121111-121117,885,1718.7
gc,121111-121117,856,1718.8
gc,121111-121117,653,1718.9
gc,121111-121117,1138,1719
gc,121111-121117,852,1719.1
gc,121111-121117,730,1719.2
gc,121111-121117,445,1719.3
gc,121111-121117,632,1719.4
gc,121111-121117,633,1719.5
gc,121111-121117,609,1719.6
gc,121111-121117,528,1719.7
gc,121111-121117,764,1719.8
gc,121111-121117,932,1719.9
gc,121111-121117,1793,1720
gc,121111-121117,892,1720.1
gc,121111-121117,1012,1720.2
gc,121111-121117,777,1720.3
gc,121111-121117,1067,1720.4
gc,121111-121117,1153,1720.5
gc,121111-121117,1012,1720.6
gc,121111-121117,873,1720.7
gc,121111-121117,903,1720.8
gc,121111-121117,853,1720.9
gc,121111-121117,1169,1721
gc,121111-121117,1063,1721.1
gc,121111-121117,1185,1721.2
gc,121111-121117,1118,1721.3
gc,121111-121117,1042,1721.4
gc,121111-121117,1470,1721.5
gc,121111-121117,1134,1721.6
gc,121111-121117,1527,1721.7
gc,121111-121117,1486,1721.8
gc,121111-121117,1444,1721.9
gc,121111-121117,2257,1722
gc,121111-121117,1475,1722.1
gc,121111-121117,1498,1722.2
gc,121111-121117,1754,1722.3
gc,121111-121117,2339,1722.4
gc,121111-121117,3137,1722.5
gc,121111-121117,2504,1722.6
gc,121111-121117,2754,1722.7
gc,121111-121117,2912,1722.8
gc,121111-121117,2505,1722.9
gc,121111-121117,3894,1723
gc,121111-121117,2679,1723.1
gc,121111-121117,2961,1723.2
gc,121111-121117,2904,1723.3
gc,121111-121117,2858,1723.4
gc,121111-121117,3155,1723.5
gc,121111-121117,2989,1723.6
gc,121111-121117,2619,1723.7
gc,121111-121117,2764,1723.8
gc,121111-121117,2649,1723.9
gc,121111-121117,4312,1724
gc,121111-121117,3133,1724.1
gc,121111-121117,2749,1724.2
gc,121111-121117,3022,1724.3
gc,121111-121117,3179,1724.4
gc,121111-121117,3818,1724.5
gc,121111-121117,2805,1724.6
gc,121111-121117,3304,1724.7
gc,121111-121117,3463,1724.8
gc,121111-121117,2977,1724.9
gc,121111-121117,3876,1725
gc,121111-121117,2627,1725.1
gc,121111-121117,2597,1725.2
gc,121111-121117,2707,1725.3
gc,121111-121117,2333,1725.4
gc,121111-121117,2850,1725.5
gc,121111-121117,2333,1725.6
gc,121111-121117,2621,1725.7
gc,121111-121117,3126,1725.8
gc,121111-121117,3287,1725.9
gc,121111-121117,4413,1726
gc,121111-121117,3365,1726.1
gc,121111-121117,4041,1726.2
gc,121111-121117,3862,1726.3
gc,121111-121117,3840,1726.4
gc,121111-121117,3844,1726.5
gc,121111-121117,3481,1726.6
gc,121111-121117,3506,1726.7
gc,121111-121117,3527,1726.8
gc,121111-121117,3484,1726.9
gc,121111-121117,4957,1727
gc,121111-121117,3439,1727.1
gc,121111-121117,3257,1727.2
gc,121111-121117,3162,1727.3
gc,121111-121117,2946,1727.4
gc,121111-121117,3423,1727.5
gc,121111-121117,3165,1727.6
gc,121111-121117,3385,1727.7
gc,121111-121117,3730,1727.8
gc,121111-121117,3744,1727.9
gc,121111-121117,5055,1728
gc,121111-121117,3031,1728.1
gc,121111-121117,3078,1728.2
gc,121111-121117,2836,1728.3
gc,121111-121117,3009,1728.4
gc,121111-121117,3472,1728.5
gc,121111-121117,3650,1728.6
gc,121111-121117,3897,1728.7
gc,121111-121117,3345,1728.8
gc,121111-121117,3428,1728.9
gc,121111-121117,4580,1729
gc,121111-121117,2824,1729.1
gc,121111-121117,2514,1729.2
gc,121111-121117,2167,1729.3
gc,121111-121117,2774,1729.4
gc,121111-121117,3517,1729.5
gc,121111-121117,2992,1729.6
gc,121111-121117,2731,1729.7
gc,121111-121117,2950,1729.8
gc,121111-121117,2599,1729.9
gc,121111-121117,3601,1730
gc,121111-121117,2334,1730.1
gc,121111-121117,2029,1730.2
gc,121111-121117,1596,1730.3
gc,121111-121117,1705,1730.4
gc,121111-121117,1911,1730.5
gc,121111-121117,1156,1730.6
gc,121111-121117,877,1730.7
gc,121111-121117,958,1730.8
gc,121111-121117,1498,1730.9
gc,121111-121117,2122,1731
gc,121111-121117,1309,1731.1
gc,121111-121117,1303,1731.2
gc,121111-121117,1372,1731.3
gc,121111-121117,1123,1731.4
gc,121111-121117,1279,1731.5
gc,121111-121117,1129,1731.6
gc,121111-121117,1339,1731.7
gc,121111-121117,1697,1731.8
gc,121111-121117,1342,1731.9
gc,121111-121117,1915,1732
gc,121111-121117,1242,1732.1
gc,121111-121117,1485,1732.2
gc,121111-121117,891,1732.3
gc,121111-121117,1142,1732.4
gc,121111-121117,1254,1732.5
gc,121111-121117,1128,1732.6
gc,121111-121117,856,1732.7
gc,121111-121117,837,1732.8
gc,121111-121117,972,1732.9
gc,121111-121117,1719,1733
gc,121111-121117,704,1733.1
gc,121111-121117,775,1733.2
gc,121111-121117,683,1733.3
gc,121111-121117,638,1733.4
gc,121111-121117,1203,1733.5
gc,121111-121117,1307,1733.6
gc,121111-121117,1116,1733.7
gc,121111-121117,1385,1733.8
gc,121111-121117,1495,1733.9
gc,121111-121117,1867,1734
gc,121111-121117,1961,1734.1
gc,121111-121117,2272,1734.2
gc,121111-121117,2436,1734.3
gc,121111-121117,1888,1734.4
gc,121111-121117,1967,1734.5
gc,121111-121117,1882,1734.6
gc,121111-121117,1618,1734.7
gc,121111-121117,1675,1734.8
gc,121111-121117,1528,1734.9
gc,121111-121117,1898,1735
gc,121111-121117,1120,1735.1
gc,121111-121117,979,1735.2
gc,121111-121117,1004,1735.3
gc,121111-121117,1106,1735.4
gc,121111-121117,1177,1735.5
gc,121111-121117,945,1735.6
gc,121111-121117,875,1735.7
gc,121111-121117,1115,1735.8
gc,121111-121117,846,1735.9
gc,121111-121117,1095,1736
gc,121111-121117,753,1736.1
gc,121111-121117,683,1736.2
gc,121111-121117,744,1736.3
gc,121111-121117,538,1736.4
gc,121111-121117,814,1736.5
gc,121111-121117,548,1736.6
gc,121111-121117,466,1736.7
gc,121111-121117,480,1736.8
gc,121111-121117,578,1736.9
gc,121111-121117,609,1737
gc,121111-121117,471,1737.1
gc,121111-121117,485,1737.2
gc,121111-121117,338,1737.3
gc,121111-121117,258,1737.4
gc,121111-121117,293,1737.5
gc,121111-121117,212,1737.6
gc,121111-121117,188,1737.7
gc,121111-121117,121,1737.8
gc,121111-121117,79,1737.9
gc,121111-121117,36,1738
gc,contract_period,11461734,0
gc,contract_period,50,1392.3
gc,contract_period,100,1393
gc,contract_period,115,1393.5
gc,contract_period,50,1393.7
gc,contract_period,152,1394.5
gc,contract_period,101,1395.5
gc,contract_period,48,1396.5
gc,contract_period,50,1405.5
gc,contract_period,50,1408.6
gc,contract_period,50,1421.1
gc,contract_period,50,1434.5
gc,contract_period,50,1439
gc,contract_period,35,1464.5
gc,contract_period,30,1468
gc,contract_period,30,1477.4
gc,contract_period,55,1500
gc,contract_period,36,1504.8
gc,contract_period,40,1505
gc,contract_period,30,1531.5
gc,contract_period,31,1553
gc,contract_period,36,1563.5
gc,contract_period,75,1570
gc,contract_period,33,1573.7
gc,contract_period,48,1575
gc,contract_period,37,1575.3
gc,contract_period,38,1575.6
gc,contract_period,53,1575.8
gc,contract_period,31,1576
gc,contract_period,40,1576.5
gc,contract_period,34,1576.6
gc,contract_period,56,1576.8
gc,contract_period,30,1576.9
gc,contract_period,127,1577
gc,contract_period,140,1577.2
gc,contract_period,35,1577.6
gc,contract_period,68,1577.7
gc,contract_period,496,1578
gc,contract_period,40,1578.1
gc,contract_period,35,1578.3
gc,contract_period,51,1578.5
gc,contract_period,53,1578.6
gc,contract_period,36,1578.7
gc,contract_period,38,1578.8
gc,contract_period,56,1579
gc,contract_period,33,1579.1
gc,contract_period,107,1579.3
gc,contract_period,31,1579.5
gc,contract_period,310,1580
gc,contract_period,68,1580.1
gc,contract_period,44,1580.2
gc,contract_period,48,1580.3
gc,contract_period,33,1580.5
gc,contract_period,53,1580.7
gc,contract_period,126,1580.8
gc,contract_period,65,1580.9
gc,contract_period,166,1581
gc,contract_period,59,1581.1
gc,contract_period,91,1581.2
gc,contract_period,53,1581.3
gc,contract_period,65,1581.4
gc,contract_period,160,1581.5
gc,contract_period,65,1581.6
gc,contract_period,215,1581.7
gc,contract_period,137,1581.8
gc,contract_period,145,1581.9
gc,contract_period,376,1582
gc,contract_period,35,1582.2
gc,contract_period,39,1582.5
gc,contract_period,80,1582.6
gc,contract_period,77,1582.7
gc,contract_period,39,1582.8
gc,contract_period,107,1583
gc,contract_period,61,1583.2
gc,contract_period,63,1583.4
gc,contract_period,194,1583.5
gc,contract_period,30,1583.7
gc,contract_period,152,1584.1
gc,contract_period,96,1584.2
gc,contract_period,60,1584.4
gc,contract_period,49,1584.5
gc,contract_period,41,1584.6
gc,contract_period,95,1584.7
gc,contract_period,119,1584.8
gc,contract_period,112,1584.9
gc,contract_period,85,1585
gc,contract_period,68,1585.1
gc,contract_period,49,1585.3
gc,contract_period,91,1585.4
gc,contract_period,56,1585.5
gc,contract_period,76,1585.6
gc,contract_period,51,1586
gc,contract_period,80,1586.6
gc,contract_period,34,1586.7
gc,contract_period,37,1586.8
gc,contract_period,60,1586.9
gc,contract_period,101,1587
gc,contract_period,91,1587.2
gc,contract_period,148,1587.3
gc,contract_period,113,1587.4
gc,contract_period,165,1587.5
gc,contract_period,95,1587.6
gc,contract_period,251,1587.7
gc,contract_period,272,1587.8
gc,contract_period,217,1587.9
gc,contract_period,400,1588
gc,contract_period,366,1588.1
gc,contract_period,327,1588.2
gc,contract_period,412,1588.3
gc,contract_period,464,1588.4
gc,contract_period,427,1588.5
gc,contract_period,608,1588.6
gc,contract_period,400,1588.7
gc,contract_period,556,1588.8
gc,contract_period,680,1588.9
gc,contract_period,1137,1589
gc,contract_period,475,1589.1
gc,contract_period,651,1589.2
gc,contract_period,521,1589.3
gc,contract_period,544,1589.4
gc,contract_period,437,1589.5
gc,contract_period,384,1589.6
gc,contract_period,526,1589.7
gc,contract_period,550,1589.8
gc,contract_period,769,1589.9
gc,contract_period,1400,1590
gc,contract_period,722,1590.1
gc,contract_period,719,1590.2
gc,contract_period,832,1590.3
gc,contract_period,1060,1590.4
gc,contract_period,1071,1590.5
gc,contract_period,1013,1590.6
gc,contract_period,1141,1590.7
gc,contract_period,1150,1590.8
gc,contract_period,1197,1590.9
gc,contract_period,2116,1591
gc,contract_period,1050,1591.1
gc,contract_period,1163,1591.2
gc,contract_period,1302,1591.3
gc,contract_period,1340,1591.4
gc,contract_period,1571,1591.5
gc,contract_period,1456,1591.6
gc,contract_period,1581,1591.7
gc,contract_period,1455,1591.8
gc,contract_period,1274,1591.9
gc,contract_period,2009,1592
gc,contract_period,1386,1592.1
gc,contract_period,1539,1592.2
gc,contract_period,1409,1592.3
gc,contract_period,1537,1592.4
gc,contract_period,1737,1592.5
gc,contract_period,1290,1592.6
gc,contract_period,1094,1592.7
gc,contract_period,1413,1592.8
gc,contract_period,1027,1592.9
gc,contract_period,1887,1593
gc,contract_period,1047,1593.1
gc,contract_period,1095,1593.2
gc,contract_period,1145,1593.3
gc,contract_period,1178,1593.4
gc,contract_period,1450,1593.5
gc,contract_period,960,1593.6
gc,contract_period,2515,1593.7
gc,contract_period,1186,1593.8
gc,contract_period,1511,1593.9
gc,contract_period,1838,1594
gc,contract_period,1106,1594.1
gc,contract_period,906,1594.2
gc,contract_period,809,1594.3
gc,contract_period,946,1594.4
gc,contract_period,1565,1594.5
gc,contract_period,981,1594.6
gc,contract_period,1280,1594.7
gc,contract_period,1208,1594.8
gc,contract_period,1462,1594.9
gc,contract_period,2222,1595
gc,contract_period,993,1595.1
gc,contract_period,1152,1595.2
gc,contract_period,1149,1595.3
gc,contract_period,1375,1595.4
gc,contract_period,1587,1595.5
gc,contract_period,1295,1595.6
gc,contract_period,1280,1595.7
gc,contract_period,1506,1595.8
gc,contract_period,1622,1595.9
gc,contract_period,2506,1596
gc,contract_period,1457,1596.1
gc,contract_period,1407,1596.2
gc,contract_period,1161,1596.3
gc,contract_period,1301,1596.4
gc,contract_period,1827,1596.5
gc,contract_period,1551,1596.6
gc,contract_period,1576,1596.7
gc,contract_period,1787,1596.8
gc,contract_period,1966,1596.9
gc,contract_period,2795,1597
gc,contract_period,1951,1597.1
gc,contract_period,2015,1597.2
gc,contract_period,2055,1597.3
gc,contract_period,2004,1597.4
gc,contract_period,2271,1597.5
gc,contract_period,2271,1597.6
gc,contract_period,2242,1597.7
gc,contract_period,2690,1597.8
gc,contract_period,2396,1597.9
gc,contract_period,4339,1598
gc,contract_period,2198,1598.1
gc,contract_period,2093,1598.2
gc,contract_period,1877,1598.3
gc,contract_period,2412,1598.4
gc,contract_period,2951,1598.5
gc,contract_period,2557,1598.6
gc,contract_period,2726,1598.7
gc,contract_period,2925,1598.8
gc,contract_period,3354,1598.9
gc,contract_period,5387,1599
gc,contract_period,3155,1599.1
gc,contract_period,3242,1599.2
gc,contract_period,3262,1599.3
gc,contract_period,3656,1599.4
gc,contract_period,4084,1599.5
gc,contract_period,3150,1599.6
gc,contract_period,2943,1599.7
gc,contract_period,3236,1599.8
gc,contract_period,2616,1599.9
gc,contract_period,5223,1600
gc,contract_period,2666,1600.1
gc,contract_period,3214,1600.2
gc,contract_period,2845,1600.3
gc,contract_period,3026,1600.4
gc,contract_period,4070,1600.5
gc,contract_period,3413,1600.6
gc,contract_period,3267,1600.7
gc,contract_period,3649,1600.8
gc,contract_period,3408,1600.9
gc,contract_period,5554,1601
gc,contract_period,3905,1601.1
gc,contract_period,3203,1601.2
gc,contract_period,3253,1601.3
gc,contract_period,3334,1601.4
gc,contract_period,4227,1601.5
gc,contract_period,3445,1601.6
gc,contract_period,3504,1601.7
gc,contract_period,3480,1601.8
gc,contract_period,3386,1601.9
gc,contract_period,5830,1602
gc,contract_period,3549,1602.1
gc,contract_period,3370,1602.2
gc,contract_period,2987,1602.3
gc,contract_period,3079,1602.4
gc,contract_period,3728,1602.5
gc,contract_period,3153,1602.6
gc,contract_period,2755,1602.7
gc,contract_period,3304,1602.8
gc,contract_period,3367,1602.9
gc,contract_period,5699,1603
gc,contract_period,4477,1603.1
gc,contract_period,3864,1603.2
gc,contract_period,3766,1603.3
gc,contract_period,3922,1603.4
gc,contract_period,4802,1603.5
gc,contract_period,3802,1603.6
gc,contract_period,3937,1603.7
gc,contract_period,4288,1603.8
gc,contract_period,3930,1603.9
gc,contract_period,6133,1604
gc,contract_period,3636,1604.1
gc,contract_period,3377,1604.2
gc,contract_period,3233,1604.3
gc,contract_period,3824,1604.4
gc,contract_period,4175,1604.5
gc,contract_period,3591,1604.6
gc,contract_period,3672,1604.7
gc,contract_period,4134,1604.8
gc,contract_period,3953,1604.9
gc,contract_period,6668,1605
gc,contract_period,3934,1605.1
gc,contract_period,4272,1605.2
gc,contract_period,4595,1605.3
gc,contract_period,4538,1605.4
gc,contract_period,5545,1605.5
gc,contract_period,4993,1605.6
gc,contract_period,5305,1605.7
gc,contract_period,4899,1605.8
gc,contract_period,4456,1605.9
gc,contract_period,6713,1606
gc,contract_period,3860,1606.1
gc,contract_period,3932,1606.2
gc,contract_period,3963,1606.3
gc,contract_period,3638,1606.4
gc,contract_period,4176,1606.5
gc,contract_period,4157,1606.6
gc,contract_period,4121,1606.7
gc,contract_period,3993,1606.8
gc,contract_period,3894,1606.9
gc,contract_period,6772,1607
gc,contract_period,4494,1607.1
gc,contract_period,4636,1607.2
gc,contract_period,4686,1607.3
gc,contract_period,4418,1607.4
gc,contract_period,5143,1607.5
gc,contract_period,3928,1607.6
gc,contract_period,3730,1607.7
gc,contract_period,3311,1607.8
gc,contract_period,3166,1607.9
gc,contract_period,5047,1608
gc,contract_period,3735,1608.1
gc,contract_period,3491,1608.2
gc,contract_period,2943,1608.3
gc,contract_period,2954,1608.4
gc,contract_period,3934,1608.5
gc,contract_period,3313,1608.6
gc,contract_period,3124,1608.7
gc,contract_period,3702,1608.8
gc,contract_period,3717,1608.9
gc,contract_period,4408,1609
gc,contract_period,2847,1609.1
gc,contract_period,3179,1609.2
gc,contract_period,3125,1609.3
gc,contract_period,2938,1609.4
gc,contract_period,3254,1609.5
gc,contract_period,3591,1609.6
gc,contract_period,3401,1609.7
gc,contract_period,3868,1609.8
gc,contract_period,3385,1609.9
gc,contract_period,5682,1610
gc,contract_period,3528,1610.1
gc,contract_period,3732,1610.2
gc,contract_period,3050,1610.3
gc,contract_period,3149,1610.4
gc,contract_period,3925,1610.5
gc,contract_period,3025,1610.6
gc,contract_period,3085,1610.7
gc,contract_period,3199,1610.8
gc,contract_period,3022,1610.9
gc,contract_period,4685,1611
gc,contract_period,3119,1611.1
gc,contract_period,3043,1611.2
gc,contract_period,2898,1611.3
gc,contract_period,2770,1611.4
gc,contract_period,3234,1611.5
gc,contract_period,2704,1611.6
gc,contract_period,2610,1611.7
gc,contract_period,3210,1611.8
gc,contract_period,2913,1611.9
gc,contract_period,5351,1612
gc,contract_period,3112,1612.1
gc,contract_period,3555,1612.2
gc,contract_period,3947,1612.3
gc,contract_period,3022,1612.4
gc,contract_period,4277,1612.5
gc,contract_period,4412,1612.6
gc,contract_period,3864,1612.7
gc,contract_period,4928,1612.8
gc,contract_period,4427,1612.9
gc,contract_period,5887,1613
gc,contract_period,4173,1613.1
gc,contract_period,3701,1613.2
gc,contract_period,3800,1613.3
gc,contract_period,3695,1613.4
gc,contract_period,4916,1613.5
gc,contract_period,4223,1613.6
gc,contract_period,3850,1613.7
gc,contract_period,4169,1613.8
gc,contract_period,3990,1613.9
gc,contract_period,5938,1614
gc,contract_period,4610,1614.1
gc,contract_period,5366,1614.2
gc,contract_period,5471,1614.3
gc,contract_period,5581,1614.4
gc,contract_period,7186,1614.5
gc,contract_period,5874,1614.6
gc,contract_period,5590,1614.7
gc,contract_period,5965,1614.8
gc,contract_period,5901,1614.9
gc,contract_period,8292,1615
gc,contract_period,6243,1615.1
gc,contract_period,6578,1615.2
gc,contract_period,6506,1615.3
gc,contract_period,6838,1615.4
gc,contract_period,8145,1615.5
gc,contract_period,7079,1615.6
gc,contract_period,7604,1615.7
gc,contract_period,8238,1615.8
gc,contract_period,7487,1615.9
gc,contract_period,11312,1616
gc,contract_period,8523,1616.1
gc,contract_period,8834,1616.2
gc,contract_period,8755,1616.3
gc,contract_period,8073,1616.4
gc,contract_period,9584,1616.5
gc,contract_period,7992,1616.6
gc,contract_period,7378,1616.7
gc,contract_period,8039,1616.8
gc,contract_period,7265,1616.9
gc,contract_period,9868,1617
gc,contract_period,8020,1617.1
gc,contract_period,8543,1617.2
gc,contract_period,7589,1617.3
gc,contract_period,8038,1617.4
gc,contract_period,9925,1617.5
gc,contract_period,8861,1617.6
gc,contract_period,8673,1617.7
gc,contract_period,9060,1617.8
gc,contract_period,8616,1617.9
gc,contract_period,12002,1618
gc,contract_period,8374,1618.1
gc,contract_period,8701,1618.2
gc,contract_period,7667,1618.3
gc,contract_period,7285,1618.4
gc,contract_period,8971,1618.5
gc,contract_period,7867,1618.6
gc,contract_period,7025,1618.7
gc,contract_period,6680,1618.8
gc,contract_period,6338,1618.9
gc,contract_period,9027,1619
gc,contract_period,6071,1619.1
gc,contract_period,6194,1619.2
gc,contract_period,5224,1619.3
gc,contract_period,4604,1619.4
gc,contract_period,4834,1619.5
gc,contract_period,4088,1619.6
gc,contract_period,4014,1619.7
gc,contract_period,4217,1619.8
gc,contract_period,3664,1619.9
gc,contract_period,5551,1620
gc,contract_period,3999,1620.1
gc,contract_period,4128,1620.2
gc,contract_period,3223,1620.3
gc,contract_period,3481,1620.4
gc,contract_period,4408,1620.5
gc,contract_period,3688,1620.6
gc,contract_period,3600,1620.7
gc,contract_period,4133,1620.8
gc,contract_period,4214,1620.9
gc,contract_period,6871,1621
gc,contract_period,3712,1621.1
gc,contract_period,3765,1621.2
gc,contract_period,3663,1621.3
gc,contract_period,3777,1621.4
gc,contract_period,3962,1621.5
gc,contract_period,4138,1621.6
gc,contract_period,3982,1621.7
gc,contract_period,4634,1621.8
gc,contract_period,4145,1621.9
gc,contract_period,6011,1622
gc,contract_period,3981,1622.1
gc,contract_period,4241,1622.2
gc,contract_period,4129,1622.3
gc,contract_period,4127,1622.4
gc,contract_period,4625,1622.5
gc,contract_period,4877,1622.6
gc,contract_period,5167,1622.7
gc,contract_period,5529,1622.8
gc,contract_period,5079,1622.9
gc,contract_period,8510,1623
gc,contract_period,5327,1623.1
gc,contract_period,5470,1623.2
gc,contract_period,5232,1623.3
gc,contract_period,5143,1623.4
gc,contract_period,5959,1623.5
gc,contract_period,5549,1623.6
gc,contract_period,4826,1623.7
gc,contract_period,5171,1623.8
gc,contract_period,4861,1623.9
gc,contract_period,7408,1624
gc,contract_period,4502,1624.1
gc,contract_period,4705,1624.2
gc,contract_period,3719,1624.3
gc,contract_period,3964,1624.4
gc,contract_period,4614,1624.5
gc,contract_period,4100,1624.6
gc,contract_period,4030,1624.7
gc,contract_period,3704,1624.8
gc,contract_period,3521,1624.9
gc,contract_period,5682,1625
gc,contract_period,3713,1625.1
gc,contract_period,4417,1625.2
gc,contract_period,3858,1625.3
gc,contract_period,3805,1625.4
gc,contract_period,4822,1625.5
gc,contract_period,3998,1625.6
gc,contract_period,3877,1625.7
gc,contract_period,3491,1625.8
gc,contract_period,2827,1625.9
gc,contract_period,4388,1626
gc,contract_period,3220,1626.1
gc,contract_period,3240,1626.2
gc,contract_period,4213,1626.3
gc,contract_period,3813,1626.4
gc,contract_period,5249,1626.5
gc,contract_period,3771,1626.6
gc,contract_period,3485,1626.7
gc,contract_period,3571,1626.8
gc,contract_period,2966,1626.9
gc,contract_period,4903,1627
gc,contract_period,2899,1627.1
gc,contract_period,3029,1627.2
gc,contract_period,2648,1627.3
gc,contract_period,2592,1627.4
gc,contract_period,3433,1627.5
gc,contract_period,2395,1627.6
gc,contract_period,2182,1627.7
gc,contract_period,2071,1627.8
gc,contract_period,1964,1627.9
gc,contract_period,2935,1628
gc,contract_period,1513,1628.1
gc,contract_period,1865,1628.2
gc,contract_period,2014,1628.3
gc,contract_period,1783,1628.4
gc,contract_period,2323,1628.5
gc,contract_period,1253,1628.6
gc,contract_period,942,1628.7
gc,contract_period,1134,1628.8
gc,contract_period,927,1628.9
gc,contract_period,1491,1629
gc,contract_period,776,1629.1
gc,contract_period,877,1629.2
gc,contract_period,581,1629.3
gc,contract_period,907,1629.4
gc,contract_period,1099,1629.5
gc,contract_period,916,1629.6
gc,contract_period,717,1629.7
gc,contract_period,889,1629.8
gc,contract_period,984,1629.9
gc,contract_period,1813,1630
gc,contract_period,936,1630.1
gc,contract_period,688,1630.2
gc,contract_period,808,1630.3
gc,contract_period,804,1630.4
gc,contract_period,857,1630.5
gc,contract_period,950,1630.6
gc,contract_period,580,1630.7
gc,contract_period,692,1630.8
gc,contract_period,433,1630.9
gc,contract_period,561,1631
gc,contract_period,432,1631.1
gc,contract_period,531,1631.2
gc,contract_period,372,1631.3
gc,contract_period,362,1631.4
gc,contract_period,564,1631.5
gc,contract_period,452,1631.6
gc,contract_period,636,1631.7
gc,contract_period,565,1631.8
gc,contract_period,602,1631.9
gc,contract_period,704,1632
gc,contract_period,900,1632.1
gc,contract_period,455,1632.2
gc,contract_period,329,1632.3
gc,contract_period,116,1632.4
gc,contract_period,56,1632.5
gc,contract_period,46,1632.6
gc,contract_period,50,1632.7
gc,contract_period,188,1632.8
gc,contract_period,139,1632.9
gc,contract_period,174,1633
gc,contract_period,61,1633.3
gc,contract_period,32,1633.8
gc,contract_period,146,1634
gc,contract_period,39,1634.1
gc,contract_period,36,1634.3
gc,contract_period,36,1634.4
gc,contract_period,49,1634.8
gc,contract_period,63,1634.9
gc,contract_period,263,1635
gc,contract_period,44,1635.1
gc,contract_period,38,1635.2
gc,contract_period,81,1635.3
gc,contract_period,48,1635.4
gc,contract_period,59,1636
gc,contract_period,38,1636.2
gc,contract_period,51,1636.4
gc,contract_period,85,1636.5
gc,contract_period,223,1636.6
gc,contract_period,192,1636.7
gc,contract_period,334,1636.8
gc,contract_period,334,1636.9
gc,contract_period,575,1637
gc,contract_period,646,1637.1
gc,contract_period,868,1637.2
gc,contract_period,1091,1637.3
gc,contract_period,1408,1637.4
gc,contract_period,1515,1637.5
gc,contract_period,871,1637.6
gc,contract_period,615,1637.7
gc,contract_period,727,1637.8
gc,contract_period,534,1637.9
gc,contract_period,945,1638
gc,contract_period,504,1638.1
gc,contract_period,541,1638.2
gc,contract_period,546,1638.3
gc,contract_period,728,1638.4
gc,contract_period,1080,1638.5
gc,contract_period,1337,1638.6
gc,contract_period,883,1638.7
gc,contract_period,1334,1638.8
gc,contract_period,1033,1638.9
gc,contract_period,1382,1639
gc,contract_period,1130,1639.1
gc,contract_period,1110,1639.2
gc,contract_period,1121,1639.3
gc,contract_period,1193,1639.4
gc,contract_period,1474,1639.5
gc,contract_period,1855,1639.6
gc,contract_period,2042,1639.7
gc,contract_period,2326,1639.8
gc,contract_period,2339,1639.9
gc,contract_period,3510,1640
gc,contract_period,2340,1640.1
gc,contract_period,2502,1640.2
gc,contract_period,2541,1640.3
gc,contract_period,2531,1640.4
gc,contract_period,3788,1640.5
gc,contract_period,2535,1640.6
gc,contract_period,2009,1640.7
gc,contract_period,2963,1640.8
gc,contract_period,3176,1640.9
gc,contract_period,4170,1641
gc,contract_period,2604,1641.1
gc,contract_period,2640,1641.2
gc,contract_period,3020,1641.3
gc,contract_period,3024,1641.4
gc,contract_period,3791,1641.5
gc,contract_period,3571,1641.6
gc,contract_period,3113,1641.7
gc,contract_period,3151,1641.8
gc,contract_period,2934,1641.9
gc,contract_period,3447,1642
gc,contract_period,2898,1642.1
gc,contract_period,2650,1642.2
gc,contract_period,2296,1642.3
gc,contract_period,2229,1642.4
gc,contract_period,2716,1642.5
gc,contract_period,2749,1642.6
gc,contract_period,2303,1642.7
gc,contract_period,2445,1642.8
gc,contract_period,2420,1642.9
gc,contract_period,2781,1643
gc,contract_period,1827,1643.1
gc,contract_period,2168,1643.2
gc,contract_period,1692,1643.3
gc,contract_period,1775,1643.4
gc,contract_period,2068,1643.5
gc,contract_period,1500,1643.6
gc,contract_period,1162,1643.7
gc,contract_period,1347,1643.8
gc,contract_period,1606,1643.9
gc,contract_period,2553,1644
gc,contract_period,1731,1644.1
gc,contract_period,1759,1644.2
gc,contract_period,1398,1644.3
gc,contract_period,1530,1644.4
gc,contract_period,1390,1644.5
gc,contract_period,1176,1644.6
gc,contract_period,1001,1644.7
gc,contract_period,1054,1644.8
gc,contract_period,1133,1644.9
gc,contract_period,1155,1645
gc,contract_period,553,1645.1
gc,contract_period,562,1645.2
gc,contract_period,703,1645.3
gc,contract_period,584,1645.4
gc,contract_period,707,1645.5
gc,contract_period,319,1645.6
gc,contract_period,391,1645.7
gc,contract_period,392,1645.8
gc,contract_period,383,1645.9
gc,contract_period,591,1646
gc,contract_period,495,1646.1
gc,contract_period,677,1646.2
gc,contract_period,673,1646.3
gc,contract_period,627,1646.4
gc,contract_period,555,1646.5
gc,contract_period,429,1646.6
gc,contract_period,368,1646.7
gc,contract_period,491,1646.8
gc,contract_period,540,1646.9
gc,contract_period,751,1647
gc,contract_period,496,1647.1
gc,contract_period,611,1647.2
gc,contract_period,719,1647.3
gc,contract_period,574,1647.4
gc,contract_period,759,1647.5
gc,contract_period,538,1647.6
gc,contract_period,356,1647.7
gc,contract_period,489,1647.8
gc,contract_period,444,1647.9
gc,contract_period,577,1648
gc,contract_period,344,1648.1
gc,contract_period,389,1648.2
gc,contract_period,242,1648.3
gc,contract_period,321,1648.4
gc,contract_period,508,1648.5
gc,contract_period,328,1648.6
gc,contract_period,433,1648.7
gc,contract_period,449,1648.8
gc,contract_period,319,1648.9
gc,contract_period,466,1649
gc,contract_period,329,1649.1
gc,contract_period,283,1649.2
gc,contract_period,334,1649.3
gc,contract_period,397,1649.4
gc,contract_period,374,1649.5
gc,contract_period,330,1649.6
gc,contract_period,331,1649.7
gc,contract_period,258,1649.8
gc,contract_period,224,1649.9
gc,contract_period,520,1650
gc,contract_period,228,1650.1
gc,contract_period,271,1650.2
gc,contract_period,430,1650.3
gc,contract_period,397,1650.4
gc,contract_period,327,1650.5
gc,contract_period,328,1650.6
gc,contract_period,307,1650.7
gc,contract_period,401,1650.8
gc,contract_period,414,1650.9
gc,contract_period,537,1651
gc,contract_period,365,1651.1
gc,contract_period,413,1651.2
gc,contract_period,219,1651.3
gc,contract_period,229,1651.4
gc,contract_period,272,1651.5
gc,contract_period,250,1651.6
gc,contract_period,340,1651.7
gc,contract_period,487,1651.8
gc,contract_period,569,1651.9
gc,contract_period,859,1652
gc,contract_period,696,1652.1
gc,contract_period,679,1652.2
gc,contract_period,562,1652.3
gc,contract_period,564,1652.4
gc,contract_period,783,1652.5
gc,contract_period,496,1652.6
gc,contract_period,699,1652.7
gc,contract_period,848,1652.8
gc,contract_period,724,1652.9
gc,contract_period,778,1653
gc,contract_period,477,1653.1
gc,contract_period,819,1653.2
gc,contract_period,688,1653.3
gc,contract_period,657,1653.4
gc,contract_period,914,1653.5
gc,contract_period,989,1653.6
gc,contract_period,706,1653.7
gc,contract_period,645,1653.8
gc,contract_period,508,1653.9
gc,contract_period,976,1654
gc,contract_period,542,1654.1
gc,contract_period,643,1654.2
gc,contract_period,764,1654.3
gc,contract_period,810,1654.4
gc,contract_period,827,1654.5
gc,contract_period,809,1654.6
gc,contract_period,810,1654.7
gc,contract_period,804,1654.8
gc,contract_period,834,1654.9
gc,contract_period,1606,1655
gc,contract_period,818,1655.1
gc,contract_period,921,1655.2
gc,contract_period,979,1655.3
gc,contract_period,947,1655.4
gc,contract_period,1081,1655.5
gc,contract_period,912,1655.6
gc,contract_period,1009,1655.7
gc,contract_period,1048,1655.8
gc,contract_period,1261,1655.9
gc,contract_period,2420,1656
gc,contract_period,1522,1656.1
gc,contract_period,1979,1656.2
gc,contract_period,2006,1656.3
gc,contract_period,2107,1656.4
gc,contract_period,2066,1656.5
gc,contract_period,1998,1656.6
gc,contract_period,2211,1656.7
gc,contract_period,1976,1656.8
gc,contract_period,2131,1656.9
gc,contract_period,3592,1657
gc,contract_period,2390,1657.1
gc,contract_period,2172,1657.2
gc,contract_period,2754,1657.3
gc,contract_period,2729,1657.4
gc,contract_period,3534,1657.5
gc,contract_period,2355,1657.6
gc,contract_period,2276,1657.7
gc,contract_period,2382,1657.8
gc,contract_period,2502,1657.9
gc,contract_period,3229,1658
gc,contract_period,2428,1658.1
gc,contract_period,2207,1658.2
gc,contract_period,2357,1658.3
gc,contract_period,2151,1658.4
gc,contract_period,2930,1658.5
gc,contract_period,2071,1658.6
gc,contract_period,1708,1658.7
gc,contract_period,1399,1658.8
gc,contract_period,1501,1658.9
gc,contract_period,2365,1659
gc,contract_period,1946,1659.1
gc,contract_period,1833,1659.2
gc,contract_period,2173,1659.3
gc,contract_period,2059,1659.4
gc,contract_period,2868,1659.5
gc,contract_period,2295,1659.6
gc,contract_period,2106,1659.7
gc,contract_period,2215,1659.8
gc,contract_period,2245,1659.9
gc,contract_period,3848,1660
gc,contract_period,2667,1660.1
gc,contract_period,2635,1660.2
gc,contract_period,2438,1660.3
gc,contract_period,2064,1660.4
gc,contract_period,2897,1660.5
gc,contract_period,2290,1660.6
gc,contract_period,2400,1660.7
gc,contract_period,2775,1660.8
gc,contract_period,3017,1660.9
gc,contract_period,3782,1661
gc,contract_period,1873,1661.1
gc,contract_period,2026,1661.2
gc,contract_period,2035,1661.3
gc,contract_period,2121,1661.4
gc,contract_period,2269,1661.5
gc,contract_period,2135,1661.6
gc,contract_period,2343,1661.7
gc,contract_period,2636,1661.8
gc,contract_period,2674,1661.9
gc,contract_period,4034,1662
gc,contract_period,2950,1662.1
gc,contract_period,2852,1662.2
gc,contract_period,3362,1662.3
gc,contract_period,2953,1662.4
gc,contract_period,3299,1662.5
gc,contract_period,2650,1662.6
gc,contract_period,2653,1662.7
gc,contract_period,2684,1662.8
gc,contract_period,3014,1662.9
gc,contract_period,4771,1663
gc,contract_period,3547,1663.1
gc,contract_period,3108,1663.2
gc,contract_period,3283,1663.3
gc,contract_period,3586,1663.4
gc,contract_period,3990,1663.5
gc,contract_period,3712,1663.6
gc,contract_period,3138,1663.7
gc,contract_period,3310,1663.8
gc,contract_period,3688,1663.9
gc,contract_period,4818,1664
gc,contract_period,3126,1664.1
gc,contract_period,3133,1664.2
gc,contract_period,2974,1664.3
gc,contract_period,2998,1664.4
gc,contract_period,3540,1664.5
gc,contract_period,3073,1664.6
gc,contract_period,2812,1664.7
gc,contract_period,2938,1664.8
gc,contract_period,2885,1664.9
gc,contract_period,4381,1665
gc,contract_period,3606,1665.1
gc,contract_period,3662,1665.2
gc,contract_period,3681,1665.3
gc,contract_period,3497,1665.4
gc,contract_period,4518,1665.5
gc,contract_period,3825,1665.6
gc,contract_period,3516,1665.7
gc,contract_period,4155,1665.8
gc,contract_period,3764,1665.9
gc,contract_period,4815,1666
gc,contract_period,3342,1666.1
gc,contract_period,4264,1666.2
gc,contract_period,3802,1666.3
gc,contract_period,3586,1666.4
gc,contract_period,4188,1666.5
gc,contract_period,3518,1666.6
gc,contract_period,3533,1666.7
gc,contract_period,3741,1666.8
gc,contract_period,3785,1666.9
gc,contract_period,5696,1667
gc,contract_period,3895,1667.1
gc,contract_period,4506,1667.2
gc,contract_period,5368,1667.3
gc,contract_period,4552,1667.4
gc,contract_period,5339,1667.5
gc,contract_period,4205,1667.6
gc,contract_period,3736,1667.7
gc,contract_period,3651,1667.8
gc,contract_period,2976,1667.9
gc,contract_period,4819,1668
gc,contract_period,3202,1668.1
gc,contract_period,3562,1668.2
gc,contract_period,3356,1668.3
gc,contract_period,2870,1668.4
gc,contract_period,3553,1668.5
gc,contract_period,3058,1668.6
gc,contract_period,3583,1668.7
gc,contract_period,4002,1668.8
gc,contract_period,4266,1668.9
gc,contract_period,5403,1669
gc,contract_period,3927,1669.1
gc,contract_period,3973,1669.2
gc,contract_period,4094,1669.3
gc,contract_period,3806,1669.4
gc,contract_period,4869,1669.5
gc,contract_period,3869,1669.6
gc,contract_period,3732,1669.7
gc,contract_period,4263,1669.8
gc,contract_period,3480,1669.9
gc,contract_period,4851,1670
gc,contract_period,3185,1670.1
gc,contract_period,3319,1670.2
gc,contract_period,4172,1670.3
gc,contract_period,3542,1670.4
gc,contract_period,3905,1670.5
gc,contract_period,3100,1670.6
gc,contract_period,3343,1670.7
gc,contract_period,3119,1670.8
gc,contract_period,3115,1670.9
gc,contract_period,4393,1671
gc,contract_period,3432,1671.1
gc,contract_period,4256,1671.2
gc,contract_period,4984,1671.3
gc,contract_period,4765,1671.4
gc,contract_period,6222,1671.5
gc,contract_period,5347,1671.6
gc,contract_period,5043,1671.7
gc,contract_period,5036,1671.8
gc,contract_period,5133,1671.9
gc,contract_period,7289,1672
gc,contract_period,5546,1672.1
gc,contract_period,5760,1672.2
gc,contract_period,5189,1672.3
gc,contract_period,5205,1672.4
gc,contract_period,6103,1672.5
gc,contract_period,4660,1672.6
gc,contract_period,4439,1672.7
gc,contract_period,4947,1672.8
gc,contract_period,3938,1672.9
gc,contract_period,4329,1673
gc,contract_period,2867,1673.1
gc,contract_period,2756,1673.2
gc,contract_period,2403,1673.3
gc,contract_period,2793,1673.4
gc,contract_period,2862,1673.5
gc,contract_period,2315,1673.6
gc,contract_period,1909,1673.7
gc,contract_period,2006,1673.8
gc,contract_period,2089,1673.9
gc,contract_period,2854,1674
gc,contract_period,2309,1674.1
gc,contract_period,2832,1674.2
gc,contract_period,2812,1674.3
gc,contract_period,2489,1674.4
gc,contract_period,3010,1674.5
gc,contract_period,2635,1674.6
gc,contract_period,2267,1674.7
gc,contract_period,2597,1674.8
gc,contract_period,2741,1674.9
gc,contract_period,4470,1675
gc,contract_period,3277,1675.1
gc,contract_period,3261,1675.2
gc,contract_period,3060,1675.3
gc,contract_period,2902,1675.4
gc,contract_period,2681,1675.5
gc,contract_period,2396,1675.6
gc,contract_period,2004,1675.7
gc,contract_period,2328,1675.8
gc,contract_period,1675,1675.9
gc,contract_period,2430,1676
gc,contract_period,1773,1676.1
gc,contract_period,2232,1676.2
gc,contract_period,2637,1676.3
gc,contract_period,2285,1676.4
gc,contract_period,2860,1676.5
gc,contract_period,2573,1676.6
gc,contract_period,2353,1676.7
gc,contract_period,2282,1676.8
gc,contract_period,2382,1676.9
gc,contract_period,3186,1677
gc,contract_period,2083,1677.1
gc,contract_period,2266,1677.2
gc,contract_period,2641,1677.3
gc,contract_period,2450,1677.4
gc,contract_period,3038,1677.5
gc,contract_period,2230,1677.6
gc,contract_period,2184,1677.7
gc,contract_period,2624,1677.8
gc,contract_period,1992,1677.9
gc,contract_period,3364,1678
gc,contract_period,2319,1678.1
gc,contract_period,2195,1678.2
gc,contract_period,2178,1678.3
gc,contract_period,2392,1678.4
gc,contract_period,2623,1678.5
gc,contract_period,1490,1678.6
gc,contract_period,1490,1678.7
gc,contract_period,1892,1678.8
gc,contract_period,2343,1678.9
gc,contract_period,3521,1679
gc,contract_period,1870,1679.1
gc,contract_period,2100,1679.2
gc,contract_period,2191,1679.3
gc,contract_period,1723,1679.4
gc,contract_period,1808,1679.5
gc,contract_period,1821,1679.6
gc,contract_period,1567,1679.7
gc,contract_period,1446,1679.8
gc,contract_period,1902,1679.9
gc,contract_period,3202,1680
gc,contract_period,1609,1680.1
gc,contract_period,1903,1680.2
gc,contract_period,2103,1680.3
gc,contract_period,2159,1680.4
gc,contract_period,1811,1680.5
gc,contract_period,1629,1680.6
gc,contract_period,1512,1680.7
gc,contract_period,1543,1680.8
gc,contract_period,1495,1680.9
gc,contract_period,2249,1681
gc,contract_period,1876,1681.1
gc,contract_period,1580,1681.2
gc,contract_period,1508,1681.3
gc,contract_period,1562,1681.4
gc,contract_period,1716,1681.5
gc,contract_period,1657,1681.6
gc,contract_period,1848,1681.7
gc,contract_period,2084,1681.8
gc,contract_period,2229,1681.9
gc,contract_period,2745,1682
gc,contract_period,2466,1682.1
gc,contract_period,3279,1682.2
gc,contract_period,2895,1682.3
gc,contract_period,3122,1682.4
gc,contract_period,3684,1682.5
gc,contract_period,3061,1682.6
gc,contract_period,2886,1682.7
gc,contract_period,2976,1682.8
gc,contract_period,3186,1682.9
gc,contract_period,4262,1683
gc,contract_period,3249,1683.1
gc,contract_period,3572,1683.2
gc,contract_period,3149,1683.3
gc,contract_period,3329,1683.4
gc,contract_period,3379,1683.5
gc,contract_period,2910,1683.6
gc,contract_period,2864,1683.7
gc,contract_period,3093,1683.8
gc,contract_period,3013,1683.9
gc,contract_period,3438,1684
gc,contract_period,2404,1684.1
gc,contract_period,3171,1684.2
gc,contract_period,2659,1684.3
gc,contract_period,2286,1684.4
gc,contract_period,2838,1684.5
gc,contract_period,2128,1684.6
gc,contract_period,2057,1684.7
gc,contract_period,1935,1684.8
gc,contract_period,2248,1684.9
gc,contract_period,3397,1685
gc,contract_period,2035,1685.1
gc,contract_period,2331,1685.2
gc,contract_period,2057,1685.3
gc,contract_period,1795,1685.4
gc,contract_period,2029,1685.5
gc,contract_period,1674,1685.6
gc,contract_period,1731,1685.7
gc,contract_period,1691,1685.8
gc,contract_period,1784,1685.9
gc,contract_period,1994,1686
gc,contract_period,1482,1686.1
gc,contract_period,1375,1686.2
gc,contract_period,1364,1686.3
gc,contract_period,1274,1686.4
gc,contract_period,1533,1686.5
gc,contract_period,1236,1686.6
gc,contract_period,1344,1686.7
gc,contract_period,1148,1686.8
gc,contract_period,1415,1686.9
gc,contract_period,1733,1687
gc,contract_period,801,1687.1
gc,contract_period,1024,1687.2
gc,contract_period,1188,1687.3
gc,contract_period,1201,1687.4
gc,contract_period,1016,1687.5
gc,contract_period,2265,1687.6
gc,contract_period,1092,1687.7
gc,contract_period,680,1687.8
gc,contract_period,541,1687.9
gc,contract_period,875,1688
gc,contract_period,539,1688.1
gc,contract_period,636,1688.2
gc,contract_period,635,1688.3
gc,contract_period,852,1688.4
gc,contract_period,1190,1688.5
gc,contract_period,894,1688.6
gc,contract_period,998,1688.7
gc,contract_period,1586,1688.8
gc,contract_period,1362,1688.9
gc,contract_period,2628,1689
gc,contract_period,1610,1689.1
gc,contract_period,1664,1689.2
gc,contract_period,1360,1689.3
gc,contract_period,1420,1689.4
gc,contract_period,1879,1689.5
gc,contract_period,1877,1689.6
gc,contract_period,1834,1689.7
gc,contract_period,2185,1689.8
gc,contract_period,2228,1689.9
gc,contract_period,3212,1690
gc,contract_period,2176,1690.1
gc,contract_period,2129,1690.2
gc,contract_period,2136,1690.3
gc,contract_period,2040,1690.4
gc,contract_period,2337,1690.5
gc,contract_period,1910,1690.6
gc,contract_period,2042,1690.7
gc,contract_period,2684,1690.8
gc,contract_period,2816,1690.9
gc,contract_period,5108,1691
gc,contract_period,3464,1691.1
gc,contract_period,3225,1691.2
gc,contract_period,3221,1691.3
gc,contract_period,3099,1691.4
gc,contract_period,3836,1691.5
gc,contract_period,2837,1691.6
gc,contract_period,3055,1691.7
gc,contract_period,3632,1691.8
gc,contract_period,3414,1691.9
gc,contract_period,5412,1692
gc,contract_period,4439,1692.1
gc,contract_period,4247,1692.2
gc,contract_period,3877,1692.3
gc,contract_period,3607,1692.4
gc,contract_period,5250,1692.5
gc,contract_period,3447,1692.6
gc,contract_period,3876,1692.7
gc,contract_period,4483,1692.8
gc,contract_period,4436,1692.9
gc,contract_period,6442,1693
gc,contract_period,4499,1693.1
gc,contract_period,4729,1693.2
gc,contract_period,4488,1693.3
gc,contract_period,4820,1693.4
gc,contract_period,6594,1693.5
gc,contract_period,4556,1693.6
gc,contract_period,4792,1693.7
gc,contract_period,5629,1693.8
gc,contract_period,5129,1693.9
gc,contract_period,8080,1694
gc,contract_period,6222,1694.1
gc,contract_period,5654,1694.2
gc,contract_period,5294,1694.3
gc,contract_period,4973,1694.4
gc,contract_period,5963,1694.5
gc,contract_period,4861,1694.6
gc,contract_period,5390,1694.7
gc,contract_period,5088,1694.8
gc,contract_period,5262,1694.9
gc,contract_period,7940,1695
gc,contract_period,5239,1695.1
gc,contract_period,5297,1695.2
gc,contract_period,5256,1695.3
gc,contract_period,6008,1695.4
gc,contract_period,6628,1695.5
gc,contract_period,5450,1695.6
gc,contract_period,5445,1695.7
gc,contract_period,5268,1695.8
gc,contract_period,5179,1695.9
gc,contract_period,8375,1696
gc,contract_period,6487,1696.1
gc,contract_period,5850,1696.2
gc,contract_period,5906,1696.3
gc,contract_period,4572,1696.4
gc,contract_period,5883,1696.5
gc,contract_period,4898,1696.6
gc,contract_period,4671,1696.7
gc,contract_period,4565,1696.8
gc,contract_period,3562,1696.9
gc,contract_period,5022,1697
gc,contract_period,4076,1697.1
gc,contract_period,4459,1697.2
gc,contract_period,4021,1697.3
gc,contract_period,4299,1697.4
gc,contract_period,5095,1697.5
gc,contract_period,3948,1697.6
gc,contract_period,3819,1697.7
gc,contract_period,3351,1697.8
gc,contract_period,3300,1697.9
gc,contract_period,5057,1698
gc,contract_period,3078,1698.1
gc,contract_period,3127,1698.2
gc,contract_period,2649,1698.3
gc,contract_period,2276,1698.4
gc,contract_period,3067,1698.5
gc,contract_period,2681,1698.6
gc,contract_period,2589,1698.7
gc,contract_period,2797,1698.8
gc,contract_period,2526,1698.9
gc,contract_period,3583,1699
gc,contract_period,2221,1699.1
gc,contract_period,1946,1699.2
gc,contract_period,1647,1699.3
gc,contract_period,1582,1699.4
gc,contract_period,2324,1699.5
gc,contract_period,1733,1699.6
gc,contract_period,1751,1699.7
gc,contract_period,2010,1699.8
gc,contract_period,1894,1699.9
gc,contract_period,3202,1700
gc,contract_period,1757,1700.1
gc,contract_period,1872,1700.2
gc,contract_period,1488,1700.3
gc,contract_period,1796,1700.4
gc,contract_period,1828,1700.5
gc,contract_period,1744,1700.6
gc,contract_period,1559,1700.7
gc,contract_period,1457,1700.8
gc,contract_period,1781,1700.9
gc,contract_period,1128,1701
gc,contract_period,1032,1701.1
gc,contract_period,1174,1701.2
gc,contract_period,1192,1701.3
gc,contract_period,1112,1701.4
gc,contract_period,1524,1701.5
gc,contract_period,1715,1701.6
gc,contract_period,1385,1701.7
gc,contract_period,1562,1701.8
gc,contract_period,1698,1701.9
gc,contract_period,3052,1702
gc,contract_period,2253,1702.1
gc,contract_period,2110,1702.2
gc,contract_period,2025,1702.3
gc,contract_period,1953,1702.4
gc,contract_period,2571,1702.5
gc,contract_period,2452,1702.6
gc,contract_period,2522,1702.7
gc,contract_period,2935,1702.8
gc,contract_period,2451,1702.9
gc,contract_period,3837,1703
gc,contract_period,2653,1703.1
gc,contract_period,2692,1703.2
gc,contract_period,3199,1703.3
gc,contract_period,3256,1703.4
gc,contract_period,4257,1703.5
gc,contract_period,3365,1703.6
gc,contract_period,3359,1703.7
gc,contract_period,3804,1703.8
gc,contract_period,3688,1703.9
gc,contract_period,6113,1704
gc,contract_period,4495,1704.1
gc,contract_period,4333,1704.2
gc,contract_period,4059,1704.3
gc,contract_period,3555,1704.4
gc,contract_period,4221,1704.5
gc,contract_period,4227,1704.6
gc,contract_period,4172,1704.7
gc,contract_period,4534,1704.8
gc,contract_period,4281,1704.9
gc,contract_period,6704,1705
gc,contract_period,5275,1705.1
gc,contract_period,4850,1705.2
gc,contract_period,4546,1705.3
gc,contract_period,4703,1705.4
gc,contract_period,5560,1705.5
gc,contract_period,4708,1705.6
gc,contract_period,4535,1705.7
gc,contract_period,4288,1705.8
gc,contract_period,4098,1705.9
gc,contract_period,7066,1706
gc,contract_period,5204,1706.1
gc,contract_period,4998,1706.2
gc,contract_period,4385,1706.3
gc,contract_period,4805,1706.4
gc,contract_period,5888,1706.5
gc,contract_period,4785,1706.6
gc,contract_period,4654,1706.7
gc,contract_period,5248,1706.8
gc,contract_period,5287,1706.9
gc,contract_period,8001,1707
gc,contract_period,5349,1707.1
gc,contract_period,6480,1707.2
gc,contract_period,6287,1707.3
gc,contract_period,6511,1707.4
gc,contract_period,7050,1707.5
gc,contract_period,5753,1707.6
gc,contract_period,5757,1707.7
gc,contract_period,6020,1707.8
gc,contract_period,5788,1707.9
gc,contract_period,8096,1708
gc,contract_period,4786,1708.1
gc,contract_period,5476,1708.2
gc,contract_period,4990,1708.3
gc,contract_period,6024,1708.4
gc,contract_period,6987,1708.5
gc,contract_period,6293,1708.6
gc,contract_period,6432,1708.7
gc,contract_period,5978,1708.8
gc,contract_period,5634,1708.9
gc,contract_period,7991,1709
gc,contract_period,6114,1709.1
gc,contract_period,6952,1709.2
gc,contract_period,7025,1709.3
gc,contract_period,7900,1709.4
gc,contract_period,9361,1709.5
gc,contract_period,8416,1709.6
gc,contract_period,7668,1709.7
gc,contract_period,8169,1709.8
gc,contract_period,8475,1709.9
gc,contract_period,12875,1710
gc,contract_period,8619,1710.1
gc,contract_period,9310,1710.2
gc,contract_period,9848,1710.3
gc,contract_period,9721,1710.4
gc,contract_period,10402,1710.5
gc,contract_period,8504,1710.6
gc,contract_period,7556,1710.7
gc,contract_period,7197,1710.8
gc,contract_period,7286,1710.9
gc,contract_period,11460,1711
gc,contract_period,8522,1711.1
gc,contract_period,9310,1711.2
gc,contract_period,9816,1711.3
gc,contract_period,9952,1711.4
gc,contract_period,11621,1711.5
gc,contract_period,8971,1711.6
gc,contract_period,9590,1711.7
gc,contract_period,10509,1711.8
gc,contract_period,9887,1711.9
gc,contract_period,13952,1712
gc,contract_period,10477,1712.1
gc,contract_period,10246,1712.2
gc,contract_period,10346,1712.3
gc,contract_period,10200,1712.4
gc,contract_period,12061,1712.5
gc,contract_period,10252,1712.6
gc,contract_period,9810,1712.7
gc,contract_period,10848,1712.8
gc,contract_period,9520,1712.9
gc,contract_period,13991,1713
gc,contract_period,10046,1713.1
gc,contract_period,10294,1713.2
gc,contract_period,10511,1713.3
gc,contract_period,10400,1713.4
gc,contract_period,12509,1713.5
gc,contract_period,10109,1713.6
gc,contract_period,10034,1713.7
gc,contract_period,10249,1713.8
gc,contract_period,8934,1713.9
gc,contract_period,13452,1714
gc,contract_period,8237,1714.1
gc,contract_period,8887,1714.2
gc,contract_period,8026,1714.3
gc,contract_period,7542,1714.4
gc,contract_period,10327,1714.5
gc,contract_period,8830,1714.6
gc,contract_period,8610,1714.7
gc,contract_period,9637,1714.8
gc,contract_period,9591,1714.9
gc,contract_period,16204,1715
gc,contract_period,10478,1715.1
gc,contract_period,10704,1715.2
gc,contract_period,9964,1715.3
gc,contract_period,10536,1715.4
gc,contract_period,14190,1715.5
gc,contract_period,10793,1715.6
gc,contract_period,10024,1715.7
gc,contract_period,10235,1715.8
gc,contract_period,9254,1715.9
gc,contract_period,13281,1716
gc,contract_period,9381,1716.1
gc,contract_period,9498,1716.2
gc,contract_period,8955,1716.3
gc,contract_period,8581,1716.4
gc,contract_period,9701,1716.5
gc,contract_period,8555,1716.6
gc,contract_period,8201,1716.7
gc,contract_period,7764,1716.8
gc,contract_period,7630,1716.9
gc,contract_period,10910,1717
gc,contract_period,7424,1717.1
gc,contract_period,7836,1717.2
gc,contract_period,7213,1717.3
gc,contract_period,7098,1717.4
gc,contract_period,8188,1717.5
gc,contract_period,6995,1717.6
gc,contract_period,7265,1717.7
gc,contract_period,7228,1717.8
gc,contract_period,6205,1717.9
gc,contract_period,8503,1718
gc,contract_period,6275,1718.1
gc,contract_period,6682,1718.2
gc,contract_period,6615,1718.3
gc,contract_period,6282,1718.4
gc,contract_period,7632,1718.5
gc,contract_period,6782,1718.6
gc,contract_period,6340,1718.7
gc,contract_period,8119,1718.8
gc,contract_period,7908,1718.9
gc,contract_period,10093,1719
gc,contract_period,8140,1719.1
gc,contract_period,6564,1719.2
gc,contract_period,5996,1719.3
gc,contract_period,6365,1719.4
gc,contract_period,7545,1719.5
gc,contract_period,7127,1719.6
gc,contract_period,7078,1719.7
gc,contract_period,7243,1719.8
gc,contract_period,6846,1719.9
gc,contract_period,10673,1720
gc,contract_period,6576,1720.1
gc,contract_period,7083,1720.2
gc,contract_period,6137,1720.3
gc,contract_period,6156,1720.4
gc,contract_period,7507,1720.5
gc,contract_period,6365,1720.6
gc,contract_period,6080,1720.7
gc,contract_period,6552,1720.8
gc,contract_period,5463,1720.9
gc,contract_period,7728,1721
gc,contract_period,5750,1721.1
gc,contract_period,5715,1721.2
gc,contract_period,6082,1721.3
gc,contract_period,6007,1721.4
gc,contract_period,7526,1721.5
gc,contract_period,5672,1721.6
gc,contract_period,6447,1721.7
gc,contract_period,6804,1721.8
gc,contract_period,6667,1721.9
gc,contract_period,9152,1722
gc,contract_period,7062,1722.1
gc,contract_period,6496,1722.2
gc,contract_period,6812,1722.3
gc,contract_period,6570,1722.4
gc,contract_period,9592,1722.5
gc,contract_period,7866,1722.6
gc,contract_period,8127,1722.7
gc,contract_period,9318,1722.8
gc,contract_period,9002,1722.9
gc,contract_period,14215,1723
gc,contract_period,8792,1723.1
gc,contract_period,9898,1723.2
gc,contract_period,9959,1723.3
gc,contract_period,10185,1723.4
gc,contract_period,12998,1723.5
gc,contract_period,11509,1723.6
gc,contract_period,11236,1723.7
gc,contract_period,11386,1723.8
gc,contract_period,10757,1723.9
gc,contract_period,17070,1724
gc,contract_period,11383,1724.1
gc,contract_period,11044,1724.2
gc,contract_period,10888,1724.3
gc,contract_period,10655,1724.4
gc,contract_period,12617,1724.5
gc,contract_period,9610,1724.6
gc,contract_period,10276,1724.7
gc,contract_period,10188,1724.8
gc,contract_period,8866,1724.9
gc,contract_period,13243,1725
gc,contract_period,8443,1725.1
gc,contract_period,8577,1725.2
gc,contract_period,9072,1725.3
gc,contract_period,8284,1725.4
gc,contract_period,10064,1725.5
gc,contract_period,8836,1725.6
gc,contract_period,10057,1725.7
gc,contract_period,10150,1725.8
gc,contract_period,9731,1725.9
gc,contract_period,13628,1726
gc,contract_period,9964,1726.1
gc,contract_period,11389,1726.2
gc,contract_period,10689,1726.3
gc,contract_period,10512,1726.4
gc,contract_period,12277,1726.5
gc,contract_period,9951,1726.6
gc,contract_period,10139,1726.7
gc,contract_period,10921,1726.8
gc,contract_period,11004,1726.9
gc,contract_period,16415,1727
gc,contract_period,11009,1727.1
gc,contract_period,10440,1727.2
gc,contract_period,9392,1727.3
gc,contract_period,8856,1727.4
gc,contract_period,10628,1727.5
gc,contract_period,8708,1727.6
gc,contract_period,9340,1727.7
gc,contract_period,9633,1727.8
gc,contract_period,9773,1727.9
gc,contract_period,13119,1728
gc,contract_period,8784,1728.1
gc,contract_period,8990,1728.2
gc,contract_period,8362,1728.3
gc,contract_period,7662,1728.4
gc,contract_period,8223,1728.5
gc,contract_period,7923,1728.6
gc,contract_period,8130,1728.7
gc,contract_period,8552,1728.8
gc,contract_period,8745,1728.9
gc,contract_period,13117,1729
gc,contract_period,8750,1729.1
gc,contract_period,8316,1729.2
gc,contract_period,7760,1729.3
gc,contract_period,8472,1729.4
gc,contract_period,10740,1729.5
gc,contract_period,9416,1729.6
gc,contract_period,8976,1729.7
gc,contract_period,9700,1729.8
gc,contract_period,9202,1729.9
gc,contract_period,16110,1730
gc,contract_period,9477,1730.1
gc,contract_period,9082,1730.2
gc,contract_period,8213,1730.3
gc,contract_period,8057,1730.4
gc,contract_period,9506,1730.5
gc,contract_period,7664,1730.6
gc,contract_period,7622,1730.7
gc,contract_period,8339,1730.8
gc,contract_period,9289,1730.9
gc,contract_period,13971,1731
gc,contract_period,9800,1731.1
gc,contract_period,9918,1731.2
gc,contract_period,9915,1731.3
gc,contract_period,8850,1731.4
gc,contract_period,11221,1731.5
gc,contract_period,9357,1731.6
gc,contract_period,10225,1731.7
gc,contract_period,12328,1731.8
gc,contract_period,10580,1731.9
gc,contract_period,14092,1732
gc,contract_period,9153,1732.1
gc,contract_period,10322,1732.2
gc,contract_period,9949,1732.3
gc,contract_period,10056,1732.4
gc,contract_period,11723,1732.5
gc,contract_period,10564,1732.6
gc,contract_period,11184,1732.7
gc,contract_period,11187,1732.8
gc,contract_period,13235,1732.9
gc,contract_period,19404,1733
gc,contract_period,14148,1733.1
gc,contract_period,15577,1733.2
gc,contract_period,15489,1733.3
gc,contract_period,15062,1733.4
gc,contract_period,18395,1733.5
gc,contract_period,15822,1733.6
gc,contract_period,15421,1733.7
gc,contract_period,15912,1733.8
gc,contract_period,15980,1733.9
gc,contract_period,21674,1734
gc,contract_period,15214,1734.1
gc,contract_period,14833,1734.2
gc,contract_period,12650,1734.3
gc,contract_period,11560,1734.4
gc,contract_period,13083,1734.5
gc,contract_period,12145,1734.6
gc,contract_period,11625,1734.7
gc,contract_period,12272,1734.8
gc,contract_period,11705,1734.9
gc,contract_period,15824,1735
gc,contract_period,10517,1735.1
gc,contract_period,10176,1735.2
gc,contract_period,9166,1735.3
gc,contract_period,8542,1735.4
gc,contract_period,9502,1735.5
gc,contract_period,7857,1735.6
gc,contract_period,7731,1735.7
gc,contract_period,7946,1735.8
gc,contract_period,7967,1735.9
gc,contract_period,11301,1736
gc,contract_period,7601,1736.1
gc,contract_period,7104,1736.2
gc,contract_period,7049,1736.3
gc,contract_period,6451,1736.4
gc,contract_period,8043,1736.5
gc,contract_period,6814,1736.6
gc,contract_period,7091,1736.7
gc,contract_period,7142,1736.8
gc,contract_period,7309,1736.9
gc,contract_period,10184,1737
gc,contract_period,7361,1737.1
gc,contract_period,8122,1737.2
gc,contract_period,7637,1737.3
gc,contract_period,7383,1737.4
gc,contract_period,8535,1737.5
gc,contract_period,8052,1737.6
gc,contract_period,8018,1737.7
gc,contract_period,7398,1737.8
gc,contract_period,7076,1737.9
gc,contract_period,10471,1738
gc,contract_period,6892,1738.1
gc,contract_period,7055,1738.2
gc,contract_period,6840,1738.3
gc,contract_period,6308,1738.4
gc,contract_period,7359,1738.5
gc,contract_period,6721,1738.6
gc,contract_period,6080,1738.7
gc,contract_period,6670,1738.8
gc,contract_period,6088,1738.9
gc,contract_period,7905,1739
gc,contract_period,5080,1739.1
gc,contract_period,4238,1739.2
gc,contract_period,3197,1739.3
gc,contract_period,3481,1739.4
gc,contract_period,4270,1739.5
gc,contract_period,2673,1739.6
gc,contract_period,3194,1739.7
gc,contract_period,3112,1739.8
gc,contract_period,2863,1739.9
gc,contract_period,4867,1740
gc,contract_period,3044,1740.1
gc,contract_period,3322,1740.2
gc,contract_period,3309,1740.3
gc,contract_period,3049,1740.4
gc,contract_period,4375,1740.5
gc,contract_period,3235,1740.6
gc,contract_period,2986,1740.7
gc,contract_period,3476,1740.8
gc,contract_period,3397,1740.9
gc,contract_period,5403,1741
gc,contract_period,3251,1741.1
gc,contract_period,3426,1741.2
gc,contract_period,3840,1741.3
gc,contract_period,3341,1741.4
gc,contract_period,4109,1741.5
gc,contract_period,3334,1741.6
gc,contract_period,2705,1741.7
gc,contract_period,2615,1741.8
gc,contract_period,2607,1741.9
gc,contract_period,4815,1742
gc,contract_period,3384,1742.1
gc,contract_period,3534,1742.2
gc,contract_period,3282,1742.3
gc,contract_period,3517,1742.4
gc,contract_period,4560,1742.5
gc,contract_period,4317,1742.6
gc,contract_period,4420,1742.7
gc,contract_period,4752,1742.8
gc,contract_period,5180,1742.9
gc,contract_period,6833,1743
gc,contract_period,4669,1743.1
gc,contract_period,5152,1743.2
gc,contract_period,4705,1743.3
gc,contract_period,5020,1743.4
gc,contract_period,5232,1743.5
gc,contract_period,4924,1743.6
gc,contract_period,4360,1743.7
gc,contract_period,5062,1743.8
gc,contract_period,5454,1743.9
gc,contract_period,8300,1744
gc,contract_period,5813,1744.1
gc,contract_period,5820,1744.2
gc,contract_period,4927,1744.3
gc,contract_period,5781,1744.4
gc,contract_period,6939,1744.5
gc,contract_period,5858,1744.6
gc,contract_period,5577,1744.7
gc,contract_period,5535,1744.8
gc,contract_period,5589,1744.9
gc,contract_period,10246,1745
gc,contract_period,5741,1745.1
gc,contract_period,6393,1745.2
gc,contract_period,6168,1745.3
gc,contract_period,5683,1745.4
gc,contract_period,6794,1745.5
gc,contract_period,6433,1745.6
gc,contract_period,6065,1745.7
gc,contract_period,6937,1745.8
gc,contract_period,7148,1745.9
gc,contract_period,10086,1746
gc,contract_period,6699,1746.1
gc,contract_period,6694,1746.2
gc,contract_period,6563,1746.3
gc,contract_period,6086,1746.4
gc,contract_period,6081,1746.5
gc,contract_period,5577,1746.6
gc,contract_period,5130,1746.7
gc,contract_period,5481,1746.8
gc,contract_period,4735,1746.9
gc,contract_period,7902,1747
gc,contract_period,4951,1747.1
gc,contract_period,5727,1747.2
gc,contract_period,5652,1747.3
gc,contract_period,5529,1747.4
gc,contract_period,5338,1747.5
gc,contract_period,4454,1747.6
gc,contract_period,4401,1747.7
gc,contract_period,4673,1747.8
gc,contract_period,3908,1747.9
gc,contract_period,7535,1748
gc,contract_period,3949,1748.1
gc,contract_period,4335,1748.2
gc,contract_period,4590,1748.3
gc,contract_period,4945,1748.4
gc,contract_period,5850,1748.5
gc,contract_period,4799,1748.6
gc,contract_period,5021,1748.7
gc,contract_period,4767,1748.8
gc,contract_period,4265,1748.9
gc,contract_period,6361,1749
gc,contract_period,4456,1749.1
gc,contract_period,4537,1749.2
gc,contract_period,4590,1749.3
gc,contract_period,4672,1749.4
gc,contract_period,5558,1749.5
gc,contract_period,4269,1749.6
gc,contract_period,4463,1749.7
gc,contract_period,4720,1749.8
gc,contract_period,4301,1749.9
gc,contract_period,6514,1750
gc,contract_period,3805,1750.1
gc,contract_period,4203,1750.2
gc,contract_period,3654,1750.3
gc,contract_period,3448,1750.4
gc,contract_period,3836,1750.5
gc,contract_period,3390,1750.6
gc,contract_period,3090,1750.7
gc,contract_period,3198,1750.8
gc,contract_period,3332,1750.9
gc,contract_period,5129,1751
gc,contract_period,3363,1751.1
gc,contract_period,3566,1751.2
gc,contract_period,3588,1751.3
gc,contract_period,3530,1751.4
gc,contract_period,3439,1751.5
gc,contract_period,3225,1751.6
gc,contract_period,3317,1751.7
gc,contract_period,3609,1751.8
gc,contract_period,3302,1751.9
gc,contract_period,5363,1752
gc,contract_period,3272,1752.1
gc,contract_period,3447,1752.2
gc,contract_period,3724,1752.3
gc,contract_period,3427,1752.4
gc,contract_period,3902,1752.5
gc,contract_period,3182,1752.6
gc,contract_period,3174,1752.7
gc,contract_period,3351,1752.8
gc,contract_period,3304,1752.9
gc,contract_period,3595,1753
gc,contract_period,2255,1753.1
gc,contract_period,2304,1753.2
gc,contract_period,2368,1753.3
gc,contract_period,2488,1753.4
gc,contract_period,2983,1753.5
gc,contract_period,3005,1753.6
gc,contract_period,2060,1753.7
gc,contract_period,2128,1753.8
gc,contract_period,1895,1753.9
gc,contract_period,3026,1754
gc,contract_period,1801,1754.1
gc,contract_period,1883,1754.2
gc,contract_period,1492,1754.3
gc,contract_period,1318,1754.4
gc,contract_period,1545,1754.5
gc,contract_period,1183,1754.6
gc,contract_period,1116,1754.7
gc,contract_period,1518,1754.8
gc,contract_period,1231,1754.9
gc,contract_period,2492,1755
gc,contract_period,1596,1755.1
gc,contract_period,1803,1755.2
gc,contract_period,1734,1755.3
gc,contract_period,1992,1755.4
gc,contract_period,2184,1755.5
gc,contract_period,1763,1755.6
gc,contract_period,1675,1755.7
gc,contract_period,1746,1755.8
gc,contract_period,1736,1755.9
gc,contract_period,1849,1756
gc,contract_period,1636,1756.1
gc,contract_period,1661,1756.2
gc,contract_period,1746,1756.3
gc,contract_period,1609,1756.4
gc,contract_period,1493,1756.5
gc,contract_period,1194,1756.6
gc,contract_period,1274,1756.7
gc,contract_period,1409,1756.8
gc,contract_period,1724,1756.9
gc,contract_period,2309,1757
gc,contract_period,1752,1757.1
gc,contract_period,1696,1757.2
gc,contract_period,2177,1757.3
gc,contract_period,1717,1757.4
gc,contract_period,2317,1757.5
gc,contract_period,2340,1757.6
gc,contract_period,2810,1757.7
gc,contract_period,2118,1757.8
gc,contract_period,2324,1757.9
gc,contract_period,3607,1758
gc,contract_period,2565,1758.1
gc,contract_period,2665,1758.2
gc,contract_period,2718,1758.3
gc,contract_period,3212,1758.4
gc,contract_period,3782,1758.5
gc,contract_period,3275,1758.6
gc,contract_period,3673,1758.7
gc,contract_period,3406,1758.8
gc,contract_period,3245,1758.9
gc,contract_period,4989,1759
gc,contract_period,3722,1759.1
gc,contract_period,4038,1759.2
gc,contract_period,4182,1759.3
gc,contract_period,3967,1759.4
gc,contract_period,3853,1759.5
gc,contract_period,3638,1759.6
gc,contract_period,3525,1759.7
gc,contract_period,3057,1759.8
gc,contract_period,3100,1759.9
gc,contract_period,6410,1760
gc,contract_period,3411,1760.1
gc,contract_period,3616,1760.2
gc,contract_period,3835,1760.3
gc,contract_period,3955,1760.4
gc,contract_period,4567,1760.5
gc,contract_period,4107,1760.6
gc,contract_period,4632,1760.7
gc,contract_period,5284,1760.8
gc,contract_period,5817,1760.9
gc,contract_period,7686,1761
gc,contract_period,4866,1761.1
gc,contract_period,5236,1761.2
gc,contract_period,5187,1761.3
gc,contract_period,4719,1761.4
gc,contract_period,4935,1761.5
gc,contract_period,4119,1761.6
gc,contract_period,4320,1761.7
gc,contract_period,4649,1761.8
gc,contract_period,4417,1761.9
gc,contract_period,7235,1762
gc,contract_period,4959,1762.1
gc,contract_period,5479,1762.2
gc,contract_period,5577,1762.3
gc,contract_period,5552,1762.4
gc,contract_period,7176,1762.5
gc,contract_period,5644,1762.6
gc,contract_period,5503,1762.7
gc,contract_period,5764,1762.8
gc,contract_period,5890,1762.9
gc,contract_period,8086,1763
gc,contract_period,6792,1763.1
gc,contract_period,7339,1763.2
gc,contract_period,6946,1763.3
gc,contract_period,6834,1763.4
gc,contract_period,8501,1763.5
gc,contract_period,7373,1763.6
gc,contract_period,7130,1763.7
gc,contract_period,7504,1763.8
gc,contract_period,7187,1763.9
gc,contract_period,10600,1764
gc,contract_period,8220,1764.1
gc,contract_period,8548,1764.2
gc,contract_period,8253,1764.3
gc,contract_period,8428,1764.4
gc,contract_period,10909,1764.5
gc,contract_period,10631,1764.6
gc,contract_period,10367,1764.7
gc,contract_period,10680,1764.8
gc,contract_period,9836,1764.9
gc,contract_period,15563,1765
gc,contract_period,10633,1765.1
gc,contract_period,10645,1765.2
gc,contract_period,10019,1765.3
gc,contract_period,9879,1765.4
gc,contract_period,12173,1765.5
gc,contract_period,10434,1765.6
gc,contract_period,9353,1765.7
gc,contract_period,9957,1765.8
gc,contract_period,10540,1765.9
gc,contract_period,14203,1766
gc,contract_period,9990,1766.1
gc,contract_period,11364,1766.2
gc,contract_period,11314,1766.3
gc,contract_period,11343,1766.4
gc,contract_period,12191,1766.5
gc,contract_period,11386,1766.6
gc,contract_period,10667,1766.7
gc,contract_period,10423,1766.8
gc,contract_period,10032,1766.9
gc,contract_period,13647,1767
gc,contract_period,8583,1767.1
gc,contract_period,8713,1767.2
gc,contract_period,8436,1767.3
gc,contract_period,8345,1767.4
gc,contract_period,9557,1767.5
gc,contract_period,7966,1767.6
gc,contract_period,8044,1767.7
gc,contract_period,8096,1767.8
gc,contract_period,7864,1767.9
gc,contract_period,12416,1768
gc,contract_period,7523,1768.1
gc,contract_period,7429,1768.2
gc,contract_period,7120,1768.3
gc,contract_period,7088,1768.4
gc,contract_period,9331,1768.5
gc,contract_period,8525,1768.6
gc,contract_period,8855,1768.7
gc,contract_period,9808,1768.8
gc,contract_period,8466,1768.9
gc,contract_period,12387,1769
gc,contract_period,8537,1769.1
gc,contract_period,8799,1769.2
gc,contract_period,8701,1769.3
gc,contract_period,9116,1769.4
gc,contract_period,10312,1769.5
gc,contract_period,9197,1769.6
gc,contract_period,9977,1769.7
gc,contract_period,10360,1769.8
gc,contract_period,9894,1769.9
gc,contract_period,16323,1770
gc,contract_period,9576,1770.1
gc,contract_period,11014,1770.2
gc,contract_period,10960,1770.3
gc,contract_period,10590,1770.4
gc,contract_period,12353,1770.5
gc,contract_period,12290,1770.6
gc,contract_period,12295,1770.7
gc,contract_period,12118,1770.8
gc,contract_period,12046,1770.9
gc,contract_period,17290,1771
gc,contract_period,12036,1771.1
gc,contract_period,12016,1771.2
gc,contract_period,12106,1771.3
gc,contract_period,12044,1771.4
gc,contract_period,14102,1771.5
gc,contract_period,11691,1771.6
gc,contract_period,11008,1771.7
gc,contract_period,12236,1771.8
gc,contract_period,11681,1771.9
gc,contract_period,16746,1772
gc,contract_period,12707,1772.1
gc,contract_period,12734,1772.2
gc,contract_period,12410,1772.3
gc,contract_period,11726,1772.4
gc,contract_period,14296,1772.5
gc,contract_period,12695,1772.6
gc,contract_period,13089,1772.7
gc,contract_period,12158,1772.8
gc,contract_period,12796,1772.9
gc,contract_period,17528,1773
gc,contract_period,13065,1773.1
gc,contract_period,12489,1773.2
gc,contract_period,11880,1773.3
gc,contract_period,11614,1773.4
gc,contract_period,14794,1773.5
gc,contract_period,13587,1773.6
gc,contract_period,13850,1773.7
gc,contract_period,14057,1773.8
gc,contract_period,15023,1773.9
gc,contract_period,20601,1774
gc,contract_period,14635,1774.1
gc,contract_period,14459,1774.2
gc,contract_period,13942,1774.3
gc,contract_period,13457,1774.4
gc,contract_period,15267,1774.5
gc,contract_period,13359,1774.6
gc,contract_period,13061,1774.7
gc,contract_period,12294,1774.8
gc,contract_period,12455,1774.9
gc,contract_period,19196,1775
gc,contract_period,12231,1775.1
gc,contract_period,11695,1775.2
gc,contract_period,11743,1775.3
gc,contract_period,12203,1775.4
gc,contract_period,14486,1775.5
gc,contract_period,12700,1775.6
gc,contract_period,12015,1775.7
gc,contract_period,13033,1775.8
gc,contract_period,12954,1775.9
gc,contract_period,16850,1776
gc,contract_period,12285,1776.1
gc,contract_period,12213,1776.2
gc,contract_period,12332,1776.3
gc,contract_period,11925,1776.4
gc,contract_period,14652,1776.5
gc,contract_period,12361,1776.6
gc,contract_period,12109,1776.7
gc,contract_period,12242,1776.8
gc,contract_period,11760,1776.9
gc,contract_period,15904,1777
gc,contract_period,10970,1777.1
gc,contract_period,10447,1777.2
gc,contract_period,10094,1777.3
gc,contract_period,10142,1777.4
gc,contract_period,12180,1777.5
gc,contract_period,10405,1777.6
gc,contract_period,9665,1777.7
gc,contract_period,8939,1777.8
gc,contract_period,8891,1777.9
gc,contract_period,13563,1778
gc,contract_period,8356,1778.1
gc,contract_period,8462,1778.2
gc,contract_period,7828,1778.3
gc,contract_period,8008,1778.4
gc,contract_period,9176,1778.5
gc,contract_period,7820,1778.6
gc,contract_period,8100,1778.7
gc,contract_period,8295,1778.8
gc,contract_period,7834,1778.9
gc,contract_period,11923,1779
gc,contract_period,7771,1779.1
gc,contract_period,8402,1779.2
gc,contract_period,8950,1779.3
gc,contract_period,8298,1779.4
gc,contract_period,10635,1779.5
gc,contract_period,8934,1779.6
gc,contract_period,8193,1779.7
gc,contract_period,9397,1779.8
gc,contract_period,9574,1779.9
gc,contract_period,14046,1780
gc,contract_period,9381,1780.1
gc,contract_period,9697,1780.2
gc,contract_period,9353,1780.3
gc,contract_period,9109,1780.4
gc,contract_period,12125,1780.5
gc,contract_period,8731,1780.6
gc,contract_period,8900,1780.7
gc,contract_period,9276,1780.8
gc,contract_period,7317,1780.9
gc,contract_period,11110,1781
gc,contract_period,7250,1781.1
gc,contract_period,6956,1781.2
gc,contract_period,7151,1781.3
gc,contract_period,6618,1781.4
gc,contract_period,7453,1781.5
gc,contract_period,5515,1781.6
gc,contract_period,5178,1781.7
gc,contract_period,4917,1781.8
gc,contract_period,4504,1781.9
gc,contract_period,6648,1782
gc,contract_period,4251,1782.1
gc,contract_period,4357,1782.2
gc,contract_period,4272,1782.3
gc,contract_period,4046,1782.4
gc,contract_period,5039,1782.5
gc,contract_period,4282,1782.6
gc,contract_period,3927,1782.7
gc,contract_period,3944,1782.8
gc,contract_period,3513,1782.9
gc,contract_period,5223,1783
gc,contract_period,3531,1783.1
gc,contract_period,4259,1783.2
gc,contract_period,4005,1783.3
gc,contract_period,3373,1783.4
gc,contract_period,3605,1783.5
gc,contract_period,3242,1783.6
gc,contract_period,3098,1783.7
gc,contract_period,3289,1783.8
gc,contract_period,3206,1783.9
gc,contract_period,5363,1784
gc,contract_period,3298,1784.1
gc,contract_period,2834,1784.2
gc,contract_period,2734,1784.3
gc,contract_period,3177,1784.4
gc,contract_period,3889,1784.5
gc,contract_period,2783,1784.6
gc,contract_period,2793,1784.7
gc,contract_period,3123,1784.8
gc,contract_period,2839,1784.9
gc,contract_period,4864,1785
gc,contract_period,3124,1785.1
gc,contract_period,3270,1785.2
gc,contract_period,3331,1785.3
gc,contract_period,3345,1785.4
gc,contract_period,4098,1785.5
gc,contract_period,3008,1785.6
gc,contract_period,2967,1785.7
gc,contract_period,2614,1785.8
gc,contract_period,2805,1785.9
gc,contract_period,4887,1786
gc,contract_period,2862,1786.1
gc,contract_period,2611,1786.2
gc,contract_period,2631,1786.3
gc,contract_period,2493,1786.4
gc,contract_period,2973,1786.5
gc,contract_period,2565,1786.6
gc,contract_period,2660,1786.7
gc,contract_period,2552,1786.8
gc,contract_period,2804,1786.9
gc,contract_period,4312,1787
gc,contract_period,2970,1787.1
gc,contract_period,3314,1787.2
gc,contract_period,3026,1787.3
gc,contract_period,3241,1787.4
gc,contract_period,4402,1787.5
gc,contract_period,3546,1787.6
gc,contract_period,3644,1787.7
gc,contract_period,3542,1787.8
gc,contract_period,3104,1787.9
gc,contract_period,5668,1788
gc,contract_period,3490,1788.1
gc,contract_period,3861,1788.2
gc,contract_period,3291,1788.3
gc,contract_period,3011,1788.4
gc,contract_period,2695,1788.5
gc,contract_period,2232,1788.6
gc,contract_period,2435,1788.7
gc,contract_period,2526,1788.8
gc,contract_period,2442,1788.9
gc,contract_period,3838,1789
gc,contract_period,2694,1789.1
gc,contract_period,2801,1789.2
gc,contract_period,2222,1789.3
gc,contract_period,2052,1789.4
gc,contract_period,2031,1789.5
gc,contract_period,1727,1789.6
gc,contract_period,1971,1789.7
gc,contract_period,2153,1789.8
gc,contract_period,2078,1789.9
gc,contract_period,3572,1790
gc,contract_period,2305,1790.1
gc,contract_period,2193,1790.2
gc,contract_period,2613,1790.3
gc,contract_period,3337,1790.4
gc,contract_period,3501,1790.5
gc,contract_period,3038,1790.6
gc,contract_period,2811,1790.7
gc,contract_period,3073,1790.8
gc,contract_period,3112,1790.9
gc,contract_period,4819,1791
gc,contract_period,2945,1791.1
gc,contract_period,3131,1791.2
gc,contract_period,3025,1791.3
gc,contract_period,2841,1791.4
gc,contract_period,3545,1791.5
gc,contract_period,2803,1791.6
gc,contract_period,2914,1791.7
gc,contract_period,2671,1791.8
gc,contract_period,2587,1791.9
gc,contract_period,3794,1792
gc,contract_period,2529,1792.1
gc,contract_period,2924,1792.2
gc,contract_period,2644,1792.3
gc,contract_period,2664,1792.4
gc,contract_period,3791,1792.5
gc,contract_period,2748,1792.6
gc,contract_period,2287,1792.7
gc,contract_period,2378,1792.8
gc,contract_period,2178,1792.9
gc,contract_period,3174,1793
gc,contract_period,2311,1793.1
gc,contract_period,2287,1793.2
gc,contract_period,2342,1793.3
gc,contract_period,2713,1793.4
gc,contract_period,3531,1793.5
gc,contract_period,3240,1793.6
gc,contract_period,3069,1793.7
gc,contract_period,2871,1793.8
gc,contract_period,2906,1793.9
gc,contract_period,3498,1794
gc,contract_period,2346,1794.1
gc,contract_period,2261,1794.2
gc,contract_period,2239,1794.3
gc,contract_period,2043,1794.4
gc,contract_period,1952,1794.5
gc,contract_period,1811,1794.6
gc,contract_period,1752,1794.7
gc,contract_period,2119,1794.8
gc,contract_period,1601,1794.9
gc,contract_period,1690,1795
gc,contract_period,1358,1795.1
gc,contract_period,1603,1795.2
gc,contract_period,1498,1795.3
gc,contract_period,1311,1795.4
gc,contract_period,1399,1795.5
gc,contract_period,1536,1795.6
gc,contract_period,1411,1795.7
gc,contract_period,1495,1795.8
gc,contract_period,1383,1795.9
gc,contract_period,1567,1796
gc,contract_period,931,1796.1
gc,contract_period,922,1796.2
gc,contract_period,700,1796.3
gc,contract_period,723,1796.4
gc,contract_period,1168,1796.5
gc,contract_period,796,1796.6
gc,contract_period,653,1796.7
gc,contract_period,685,1796.8
gc,contract_period,629,1796.9
gc,contract_period,1010,1797
gc,contract_period,636,1797.1
gc,contract_period,697,1797.2
gc,contract_period,349,1797.3
gc,contract_period,281,1797.4
gc,contract_period,362,1797.5
gc,contract_period,282,1797.6
gc,contract_period,161,1797.7
gc,contract_period,135,1797.8
gc,contract_period,102,1797.9
gc,contract_period,166,1798
gc,contract_period,55,1798.1
gc,contract_period,35,1805
gc,contract_period,31,1905
gc,121121,121107,0
gc,121121,94,1718.4
gc,121121,85,1718.5
gc,121121,58,1718.8
gc,121121,210,1718.9
gc,121121,33,1719
gc,121121,41,1719.5
gc,121121,131,1719.6
gc,121121,143,1719.7
gc,121121,38,1719.8
gc,121121,54,1719.9
gc,121121,51,1720
gc,121121,56,1720.3
gc,121121,80,1720.5
gc,121121,121,1720.6
gc,121121,133,1720.7
gc,121121,152,1720.8
gc,121121,98,1720.9
gc,121121,93,1721
gc,121121,134,1721.1
gc,121121,57,1721.2
gc,121121,38,1721.3
gc,121121,76,1721.4
gc,121121,125,1721.5
gc,121121,101,1721.6
gc,121121,165,1721.7
gc,121121,289,1721.8
gc,121121,131,1721.9
gc,121121,244,1722
gc,121121,278,1722.1
gc,121121,309,1722.2
gc,121121,260,1722.3
gc,121121,215,1722.4
gc,121121,255,1722.5
gc,121121,123,1722.6
gc,121121,176,1722.7
gc,121121,268,1722.8
gc,121121,286,1722.9
gc,121121,766,1723
gc,121121,518,1723.1
gc,121121,532,1723.2
gc,121121,515,1723.3
gc,121121,661,1723.4
gc,121121,915,1723.5
gc,121121,876,1723.6
gc,121121,1002,1723.7
gc,121121,799,1723.8
gc,121121,1153,1723.9
gc,121121,2129,1724
gc,121121,1233,1724.1
gc,121121,1474,1724.2
gc,121121,1177,1724.3
gc,121121,1143,1724.4
gc,121121,754,1724.5
gc,121121,975,1724.6
gc,121121,1036,1724.7
gc,121121,1112,1724.8
gc,121121,813,1724.9
gc,121121,1292,1725
gc,121121,744,1725.1
gc,121121,880,1725.2
gc,121121,777,1725.3
gc,121121,1164,1725.4
gc,121121,1013,1725.5
gc,121121,945,1725.6
gc,121121,946,1725.7
gc,121121,1147,1725.8
gc,121121,1267,1725.9
gc,121121,1873,1726
gc,121121,1475,1726.1
gc,121121,1601,1726.2
gc,121121,1896,1726.3
gc,121121,2152,1726.4
gc,121121,2087,1726.5
gc,121121,1671,1726.6
gc,121121,1738,1726.7
gc,121121,1774,1726.8
gc,121121,1847,1726.9
gc,121121,2091,1727
gc,121121,1532,1727.1
gc,121121,1420,1727.2
gc,121121,1329,1727.3
gc,121121,1576,1727.4
gc,121121,1853,1727.5
gc,121121,1238,1727.6
gc,121121,1316,1727.7
gc,121121,1389,1727.8
gc,121121,1137,1727.9
gc,121121,1564,1728
gc,121121,1246,1728.1
gc,121121,1372,1728.2
gc,121121,1281,1728.3
gc,121121,867,1728.4
gc,121121,883,1728.5
gc,121121,814,1728.6
gc,121121,678,1728.7
gc,121121,699,1728.8
gc,121121,829,1728.9
gc,121121,1148,1729
gc,121121,771,1729.1
gc,121121,734,1729.2
gc,121121,514,1729.3
gc,121121,488,1729.4
gc,121121,724,1729.5
gc,121121,676,1729.6
gc,121121,579,1729.7
gc,121121,548,1729.8
gc,121121,578,1729.9
gc,121121,1432,1730
gc,121121,164,1730.1
gc,121121,152,1730.2
gc,121121,178,1730.3
gc,121121,185,1730.4
gc,121121,196,1730.5
gc,121121,190,1730.6
gc,121121,128,1730.7
gc,121121,98,1730.8
gc,121121,74,1730.9
gc,121121,218,1731
gc,121121,76,1731.1
gc,121121,109,1731.2
gc,121121,64,1731.3
gc,121121,67,1731.4
gc,121121,202,1731.5
gc,121121,62,1731.6
gc,121121,45,1731.7
gc,121121,43,1731.8
gc,121121,49,1731.9
