ec,121123,319002,0
ec,121123,50,1
ec,121123,37,1
ec,121123,687,1
ec,121123,50,1.1
ec,121123,33,1.1
ec,121123,102,1.12
ec,121123,40,1.2
ec,121123,31,1.2
ec,121123,50,1.2
ec,121123,18,1.2831
ec,121123,50,1.2832
ec,121123,64,1.2833
ec,121123,23,1.2835
ec,121123,43,1.2836
ec,121123,133,1.2837
ec,121123,165,1.2838
ec,121123,84,1.2839
ec,121123,313,1.284
ec,121123,716,1.2841
ec,121123,535,1.2842
ec,121123,484,1.2843
ec,121123,890,1.2844
ec,121123,1426,1.2845
ec,121123,1639,1.2846
ec,121123,2241,1.2847
ec,121123,2469,1.2848
ec,121123,2004,1.2849
ec,121123,1892,1.285
ec,121123,1977,1.2851
ec,121123,2070,1.2852
ec,121123,2337,1.2853
ec,121123,2088,1.2854
ec,121123,2140,1.2855
ec,121123,3121,1.2856
ec,121123,2223,1.2857
ec,121123,2398,1.2858
ec,121123,2302,1.2859
ec,121123,2148,1.286
ec,121123,1735,1.2861
ec,121123,1531,1.2862
ec,121123,1349,1.2863
ec,121123,1358,1.2864
ec,121123,2116,1.2865
ec,121123,2421,1.2866
ec,121123,2896,1.2867
ec,121123,2091,1.2868
ec,121123,1703,1.2869
ec,121123,1253,1.287
ec,121123,1090,1.2871
ec,121123,1019,1.2872
ec,121123,1593,1.2873
ec,121123,1724,1.2874
ec,121123,1558,1.2875
ec,121123,1378,1.2876
ec,121123,2128,1.2877
ec,121123,2621,1.2878
ec,121123,2396,1.2879
ec,121123,2369,1.288
ec,121123,2683,1.2881
ec,121123,3154,1.2882
ec,121123,3772,1.2883
ec,121123,3569,1.2884
ec,121123,3650,1.2885
ec,121123,3710,1.2886
ec,121123,3270,1.2887
ec,121123,3656,1.2888
ec,121123,3117,1.2889
ec,121123,3377,1.289
ec,121123,2843,1.2891
ec,121123,3051,1.2892
ec,121123,3932,1.2893
ec,121123,3707,1.2894
ec,121123,4105,1.2895
ec,121123,4516,1.2896
ec,121123,4457,1.2897
ec,121123,4686,1.2898
ec,121123,4104,1.2899
ec,121123,3060,1.29
ec,121123,3106,1.2901
ec,121123,3478,1.2902
ec,121123,4157,1.2903
ec,121123,3916,1.2904
ec,121123,4649,1.2905
ec,121123,4099,1.2906
ec,121123,3338,1.2907
ec,121123,2711,1.2908
ec,121123,2094,1.2909
ec,121123,2530,1.291
ec,121123,2008,1.2911
ec,121123,2303,1.2912
ec,121123,2186,1.2913
ec,121123,1493,1.2914
ec,121123,1872,1.2915
ec,121123,1444,1.2916
ec,121123,880,1.2917
ec,121123,691,1.2918
ec,121123,1087,1.2919
ec,121123,1273,1.292
ec,121123,1879,1.2921
ec,121123,1756,1.2922
ec,121123,1337,1.2923
ec,121123,880,1.2924
ec,121123,815,1.2925
ec,121123,934,1.2926
ec,121123,950,1.2927
ec,121123,1072,1.2928
ec,121123,1330,1.2929
ec,121123,1942,1.293
ec,121123,2285,1.2931
ec,121123,1566,1.2932
ec,121123,1075,1.2933
ec,121123,1482,1.2934
ec,121123,2532,1.2935
ec,121123,2335,1.2936
ec,121123,1387,1.2937
ec,121123,1562,1.2938
ec,121123,1209,1.2939
ec,121123,2380,1.294
ec,121123,2108,1.2941
ec,121123,1051,1.2942
ec,121123,322,1.2943
ec,121123,600,1.2944
ec,121123,1984,1.2945
ec,121123,1362,1.2946
ec,121123,1665,1.2947
ec,121123,1646,1.2948
ec,121123,1233,1.2949
ec,121123,1263,1.295
ec,121123,1964,1.2951
ec,121123,2438,1.2952
ec,121123,707,1.2953
ec,121123,597,1.2954
ec,121123,337,1.2955
ec,121123,102,1.2956
ec,121123,148,1.2957
ec,121123,906,1.2958
ec,121123,2259,1.2959
ec,121123,2594,1.296
ec,121123,2626,1.2961
ec,121123,2467,1.2962
ec,121123,2121,1.2963
ec,121123,2628,1.2964
ec,121123,2867,1.2965
ec,121123,4358,1.2966
ec,121123,4914,1.2967
ec,121123,2931,1.2968
ec,121123,1424,1.2969
ec,121123,2115,1.297
ec,121123,1380,1.2971
ec,121123,175,1.2972
ec,121123,386,1.2973
ec,121123,591,1.2974
ec,121123,575,1.2975
ec,121123,750,1.2976
ec,121123,946,1.2977
ec,121123,962,1.2978
ec,121123,742,1.2979
ec,121123,1299,1.298
ec,121123,1201,1.2981
ec,121123,832,1.2982
ec,121123,1110,1.2983
ec,121123,895,1.2984
ec,121123,1556,1.2985
ec,121123,1902,1.2986
ec,121123,1708,1.2987
ec,121123,1071,1.2988
ec,121123,495,1.2989
ec,121123,248,1.299
ec,121123,304,1.2991
ec,121123,318,1.2992
ec,121123,188,1.2993
ec,121123,45,1.2994
ec,121123,51,1.3
ec,121123,37,1.3
ec,121123,36,1.4
ec,121123,35,1.4
ec,121123,17,1.41
ec,121123,60,1.44
ec,121123,58,1.5
ec,121123,17,1.5
ec,121123,36,1.57
ec,121123,42,1.6
ec,121123,75,1.6
ec,121123,60,1.69
ec,121123,227,1.7
ec,121123,28,1.7
ec,121123,20,1.8
ec,121123,71,1.8
ec,121123,25,1.8
ec,121123,62,1.9
ec,121123,47,1.9
ec,121123,41,1.9
ec,121123,346,2
ec,121123,30,2.1
ec,121123,91,2.1
ec,121123,90,2.1
ec,121123,21,2.1
ec,121123,34,2.2
ec,121123,285,2.2
ec,121123,113,2.2
ec,121123,68,2.2
ec,121123,17,2.3
ec,121123,65,2.3
ec,121123,33,2.4
ec,121123,20,2.4
ec,121123,39,2.4
ec,121123,47,2.4
ec,121123,84,2.46
ec,121123,44,2.5
ec,121123,21,2.5
ec,121123,31,2.5
ec,121123,207,2.6
ec,121123,44,2.6
ec,121123,27,2.6
ec,121123,16,2.6
ec,121123,41,2.8
ec,121123,32,2.8
ec,121123,20,2.8
ec,121123,41,2.9
ec,121123,41,2.9
ec,121123,107,2.9
ec,121123,36,2.9
ec,121123,58,3
ec,121123,121,3.1
ec,121123,32,3.1
ec,121123,16,3.2
ec,121123,21,3.2
ec,121123,33,3.3
ec,121123,17,3.3
ec,121123,25,3.6
ec,121123,50,3.6
ec,121123,28,3.7
ec,121123,28,3.8
ec,121123,27,3.8
ec,121123,38,3.8
ec,121123,17,3.8
ec,121123,153,3.9
ec,121123,97,3.9
ec,121123,58,3.9
ec,121123,16,4.1
ec,121123,21,4.2
ec,121123,55,4.2
ec,121123,179,4.2
ec,121123,21,4.3
ec,121123,45,4.3
ec,121123,17,4.4
ec,121123,38,4.4
ec,121123,56,4.4
ec,121123,30,4.4
ec,121123,31,4.5
ec,121123,91,4.5
ec,121123,38,4.5
ec,121123,29,4.7
ec,121123,51,4.7
ec,121123,204,4.8
ec,121123,107,4.9
ec,121123,20,4.9
ec,121123,120,4.9
ec,121123,61,5
ec,121123,20,5
ec,121123,50,5
ec,121123,52,5.1
ec,121123,33,5.3
ec,121123,17,5.5
ec,121123,212,5.5
ec,121123,220,5.6
ec,121123,40,5.6
ec,121123,210,5.7
ec,121123,26,5.7
ec,121123,16,5.7
ec,121123,430,5.8
ec,121123,172,5.9
ec,121123,19,6
ec,121123,44,6.1
ec,121123,166,6.5
ec,121123,30,6.5
ec,121123,51,6.6
ec,121123,27,6.6
ec,121123,131,6.7
ec,121123,16,6.8
ec,121123,30,6.8
ec,121123,40,7
ec,121123,30,7
ec,121123,68,7
ec,121123,15,7
ec,121123,40,7.2
ec,121123,34,7.3
ec,121123,23,7.9
ec,121123,22,8
ec,121123,80,8.1
ec,121123,79,8.1
ec,121123,40,8.2
ec,121123,32,8.2
ec,121123,16,8.3
ec,121123,35,8.4
ec,121123,18,8.7
ec,121123,75,9
ec,121123,81,9
ec,121123,16,9.2
ec,121123,29,9.2
ec,121123,15,9.3
ec,121123,47,9.8
ec,121118-121124,1023299,0
ec,121118-121124,903,1
ec,121118-121124,47,1.01
ec,121118-121124,253,1.1
ec,121118-121124,102,1.12
ec,121118-121124,30,1.18
ec,121118-121124,221,1.2
ec,121118-121124,79,1.2739
ec,121118-121124,403,1.274
ec,121118-121124,533,1.2741
ec,121118-121124,279,1.2742
ec,121118-121124,56,1.2743
ec,121118-121124,295,1.2744
ec,121118-121124,849,1.2745
ec,121118-121124,527,1.2746
ec,121118-121124,475,1.2747
ec,121118-121124,593,1.2748
ec,121118-121124,718,1.2749
ec,121118-121124,1756,1.275
ec,121118-121124,2745,1.2751
ec,121118-121124,2344,1.2752
ec,121118-121124,2532,1.2753
ec,121118-121124,3242,1.2754
ec,121118-121124,2470,1.2755
ec,121118-121124,2753,1.2756
ec,121118-121124,4456,1.2757
ec,121118-121124,4986,1.2758
ec,121118-121124,4670,1.2759
ec,121118-121124,5800,1.276
ec,121118-121124,4053,1.2761
ec,121118-121124,4819,1.2762
ec,121118-121124,5293,1.2763
ec,121118-121124,6455,1.2764
ec,121118-121124,7402,1.2765
ec,121118-121124,5324,1.2766
ec,121118-121124,5953,1.2767
ec,121118-121124,4936,1.2768
ec,121118-121124,4665,1.2769
ec,121118-121124,5986,1.277
ec,121118-121124,7386,1.2771
ec,121118-121124,8621,1.2772
ec,121118-121124,6648,1.2773
ec,121118-121124,6203,1.2774
ec,121118-121124,7394,1.2775
ec,121118-121124,7447,1.2776
ec,121118-121124,6995,1.2777
ec,121118-121124,7790,1.2778
ec,121118-121124,7102,1.2779
ec,121118-121124,6789,1.278
ec,121118-121124,4518,1.2781
ec,121118-121124,4259,1.2782
ec,121118-121124,5766,1.2783
ec,121118-121124,6132,1.2784
ec,121118-121124,6580,1.2785
ec,121118-121124,8254,1.2786
ec,121118-121124,8134,1.2787
ec,121118-121124,7580,1.2788
ec,121118-121124,7407,1.2789
ec,121118-121124,9606,1.279
ec,121118-121124,7346,1.2791
ec,121118-121124,5886,1.2792
ec,121118-121124,5533,1.2793
ec,121118-121124,5412,1.2794
ec,121118-121124,6608,1.2795
ec,121118-121124,4396,1.2796
ec,121118-121124,5727,1.2797
ec,121118-121124,7864,1.2798
ec,121118-121124,10226,1.2799
ec,121118-121124,10489,1.28
ec,121118-121124,9186,1.2801
ec,121118-121124,11141,1.2802
ec,121118-121124,13029,1.2803
ec,121118-121124,14869,1.2804
ec,121118-121124,18889,1.2805
ec,121118-121124,17713,1.2806
ec,121118-121124,19138,1.2807
ec,121118-121124,16466,1.2808
ec,121118-121124,15183,1.2809
ec,121118-121124,16050,1.281
ec,121118-121124,17198,1.2811
ec,121118-121124,20787,1.2812
ec,121118-121124,14310,1.2813
ec,121118-121124,10244,1.2814
ec,121118-121124,13054,1.2815
ec,121118-121124,13853,1.2816
ec,121118-121124,12366,1.2817
ec,121118-121124,12731,1.2818
ec,121118-121124,15369,1.2819
ec,121118-121124,17113,1.282
ec,121118-121124,12832,1.2821
ec,121118-121124,10149,1.2822
ec,121118-121124,8109,1.2823
ec,121118-121124,7357,1.2824
ec,121118-121124,7368,1.2825
ec,121118-121124,7441,1.2826
ec,121118-121124,6905,1.2827
ec,121118-121124,5879,1.2828
ec,121118-121124,3222,1.2829
ec,121118-121124,3985,1.283
ec,121118-121124,2861,1.2831
ec,121118-121124,1906,1.2832
ec,121118-121124,971,1.2833
ec,121118-121124,1043,1.2834
ec,121118-121124,556,1.2835
ec,121118-121124,333,1.2836
ec,121118-121124,133,1.2837
ec,121118-121124,165,1.2838
ec,121118-121124,84,1.2839
ec,121118-121124,313,1.284
ec,121118-121124,716,1.2841
ec,121118-121124,535,1.2842
ec,121118-121124,484,1.2843
ec,121118-121124,890,1.2844
ec,121118-121124,1426,1.2845
ec,121118-121124,1639,1.2846
ec,121118-121124,2241,1.2847
ec,121118-121124,2469,1.2848
ec,121118-121124,2004,1.2849
ec,121118-121124,1892,1.285
ec,121118-121124,1977,1.2851
ec,121118-121124,2070,1.2852
ec,121118-121124,2337,1.2853
ec,121118-121124,2088,1.2854
ec,121118-121124,2140,1.2855
ec,121118-121124,3121,1.2856
ec,121118-121124,2223,1.2857
ec,121118-121124,2398,1.2858
ec,121118-121124,2302,1.2859
ec,121118-121124,2148,1.286
ec,121118-121124,1735,1.2861
ec,121118-121124,1531,1.2862
ec,121118-121124,1349,1.2863
ec,121118-121124,1358,1.2864
ec,121118-121124,2116,1.2865
ec,121118-121124,2421,1.2866
ec,121118-121124,2896,1.2867
ec,121118-121124,2091,1.2868
ec,121118-121124,1703,1.2869
ec,121118-121124,1253,1.287
ec,121118-121124,1090,1.2871
ec,121118-121124,1019,1.2872
ec,121118-121124,1593,1.2873
ec,121118-121124,1724,1.2874
ec,121118-121124,1558,1.2875
ec,121118-121124,1378,1.2876
ec,121118-121124,2128,1.2877
ec,121118-121124,2621,1.2878
ec,121118-121124,2396,1.2879
ec,121118-121124,2369,1.288
ec,121118-121124,2683,1.2881
ec,121118-121124,3154,1.2882
ec,121118-121124,3772,1.2883
ec,121118-121124,3569,1.2884
ec,121118-121124,3650,1.2885
ec,121118-121124,3710,1.2886
ec,121118-121124,3270,1.2887
ec,121118-121124,3656,1.2888
ec,121118-121124,3117,1.2889
ec,121118-121124,3377,1.289
ec,121118-121124,2843,1.2891
ec,121118-121124,3051,1.2892
ec,121118-121124,3932,1.2893
ec,121118-121124,3707,1.2894
ec,121118-121124,4105,1.2895
ec,121118-121124,4516,1.2896
ec,121118-121124,4457,1.2897
ec,121118-121124,4686,1.2898
ec,121118-121124,4104,1.2899
ec,121118-121124,3060,1.29
ec,121118-121124,3106,1.2901
ec,121118-121124,3478,1.2902
ec,121118-121124,4157,1.2903
ec,121118-121124,3916,1.2904
ec,121118-121124,4649,1.2905
ec,121118-121124,4099,1.2906
ec,121118-121124,3338,1.2907
ec,121118-121124,2711,1.2908
ec,121118-121124,2094,1.2909
ec,121118-121124,2530,1.291
ec,121118-121124,2008,1.2911
ec,121118-121124,2303,1.2912
ec,121118-121124,2186,1.2913
ec,121118-121124,1493,1.2914
ec,121118-121124,1872,1.2915
ec,121118-121124,1444,1.2916
ec,121118-121124,880,1.2917
ec,121118-121124,691,1.2918
ec,121118-121124,1087,1.2919
ec,121118-121124,1273,1.292
ec,121118-121124,1879,1.2921
ec,121118-121124,1756,1.2922
ec,121118-121124,1337,1.2923
ec,121118-121124,880,1.2924
ec,121118-121124,815,1.2925
ec,121118-121124,934,1.2926
ec,121118-121124,950,1.2927
ec,121118-121124,1072,1.2928
ec,121118-121124,1330,1.2929
ec,121118-121124,1942,1.293
ec,121118-121124,2285,1.2931
ec,121118-121124,1566,1.2932
ec,121118-121124,1075,1.2933
ec,121118-121124,1482,1.2934
ec,121118-121124,2532,1.2935
ec,121118-121124,2335,1.2936
ec,121118-121124,1387,1.2937
ec,121118-121124,1562,1.2938
ec,121118-121124,1209,1.2939
ec,121118-121124,2380,1.294
ec,121118-121124,2108,1.2941
ec,121118-121124,1051,1.2942
ec,121118-121124,322,1.2943
ec,121118-121124,600,1.2944
ec,121118-121124,1984,1.2945
ec,121118-121124,1362,1.2946
ec,121118-121124,1665,1.2947
ec,121118-121124,1646,1.2948
ec,121118-121124,1233,1.2949
ec,121118-121124,1263,1.295
ec,121118-121124,1964,1.2951
ec,121118-121124,2438,1.2952
ec,121118-121124,707,1.2953
ec,121118-121124,597,1.2954
ec,121118-121124,337,1.2955
ec,121118-121124,102,1.2956
ec,121118-121124,148,1.2957
ec,121118-121124,906,1.2958
ec,121118-121124,2259,1.2959
ec,121118-121124,2594,1.296
ec,121118-121124,2626,1.2961
ec,121118-121124,2467,1.2962
ec,121118-121124,2121,1.2963
ec,121118-121124,2628,1.2964
ec,121118-121124,2867,1.2965
ec,121118-121124,4358,1.2966
ec,121118-121124,4914,1.2967
ec,121118-121124,2931,1.2968
ec,121118-121124,1424,1.2969
ec,121118-121124,2115,1.297
ec,121118-121124,1380,1.2971
ec,121118-121124,175,1.2972
ec,121118-121124,386,1.2973
ec,121118-121124,591,1.2974
ec,121118-121124,575,1.2975
ec,121118-121124,750,1.2976
ec,121118-121124,946,1.2977
ec,121118-121124,962,1.2978
ec,121118-121124,742,1.2979
ec,121118-121124,1299,1.298
ec,121118-121124,1201,1.2981
ec,121118-121124,832,1.2982
ec,121118-121124,1110,1.2983
ec,121118-121124,895,1.2984
ec,121118-121124,1556,1.2985
ec,121118-121124,1902,1.2986
ec,121118-121124,1708,1.2987
ec,121118-121124,1071,1.2988
ec,121118-121124,495,1.2989
ec,121118-121124,248,1.299
ec,121118-121124,304,1.2991
ec,121118-121124,318,1.2992
ec,121118-121124,188,1.2993
ec,121118-121124,45,1.2994
ec,121118-121124,88,1.3
ec,121118-121124,153,1.4
ec,121118-121124,17,1.41
ec,121118-121124,60,1.44
ec,121118-121124,137,1.5
ec,121118-121124,36,1.57
ec,121118-121124,598,1.6
ec,121118-121124,110,1.61
ec,121118-121124,60,1.69
ec,121118-121124,497,1.7
ec,121118-121124,116,1.8
ec,121118-121124,372,1.9
ec,121118-121124,346,2
ec,121118-121124,363,2.1
ec,121118-121124,500,2.2
ec,121118-121124,241,2.3
ec,121118-121124,139,2.4
ec,121118-121124,84,2.46
ec,121118-121124,96,2.5
ec,121118-121124,294,2.6
ec,121118-121124,107,2.7
ec,121118-121124,143,2.8
ec,121118-121124,325,2.9
ec,121118-121124,164,3
ec,121118-121124,203,3.1
ec,121118-121124,37,3.2
ec,121118-121124,112,3.3
ec,121118-121124,108,3.6
ec,121118-121124,28,3.7
ec,121118-121124,110,3.8
ec,121118-121124,308,3.9
ec,121118-121124,50,3.99
ec,121118-121124,50,4
ec,121118-121124,60,4.02
ec,121118-121124,50,4.03
ec,121118-121124,72,4.1
ec,121118-121124,289,4.2
ec,121118-121124,174,4.3
ec,121118-121124,174,4.4
ec,121118-121124,50,4.48
ec,121118-121124,287,4.5
ec,121118-121124,50,4.58
ec,121118-121124,130,4.69
ec,121118-121124,192,4.7
ec,121118-121124,57,4.71
ec,121118-121124,50,4.72
ec,121118-121124,301,4.8
ec,121118-121124,291,4.9
ec,121118-121124,131,5
ec,121118-121124,88,5.1
ec,121118-121124,85,5.2
ec,121118-121124,102,5.3
ec,121118-121124,246,5.4
ec,121118-121124,296,5.5
ec,121118-121124,260,5.6
ec,121118-121124,252,5.7
ec,121118-121124,430,5.8
ec,121118-121124,172,5.9
ec,121118-121124,19,6
ec,121118-121124,84,6.1
ec,121118-121124,72,6.3
ec,121118-121124,70,6.4
ec,121118-121124,196,6.5
ec,121118-121124,155,6.6
ec,121118-121124,131,6.7
ec,121118-121124,98,6.8
ec,121118-121124,153,7
ec,121118-121124,40,7.2
ec,121118-121124,200,7.3
ec,121118-121124,45,7.4
ec,121118-121124,37,7.7
ec,121118-121124,23,7.9
ec,121118-121124,73,8
ec,121118-121124,355,8.1
ec,121118-121124,122,8.2
ec,121118-121124,71,8.3
ec,121118-121124,147,8.4
ec,121118-121124,104,8.5
ec,121118-121124,57,8.7
ec,121118-121124,112,8.8
ec,121118-121124,244,9
ec,121118-121124,70,9.1
ec,121118-121124,45,9.2
ec,121118-121124,50,9.3
ec,121118-121124,66,9.4
ec,121118-121124,30,9.5
ec,121118-121124,50,9.6
ec,121118-121124,30,9.7
ec,121118-121124,87,9.8
ec,121118-121124,40,9.9
ec,121111-121117,1253127,0
ec,121111-121117,126,1
ec,121111-121117,32,1.03
ec,121111-121117,60,1.05
ec,121111-121117,35,1.06
ec,121111-121117,50,1.07
ec,121111-121117,58,1.08
ec,121111-121117,83,1.1
ec,121111-121117,87,1.18
ec,121111-121117,96,1.2665
ec,121111-121117,234,1.2666
ec,121111-121117,374,1.2667
ec,121111-121117,392,1.2668
ec,121111-121117,529,1.2669
ec,121111-121117,1787,1.267
ec,121111-121117,1918,1.2671
ec,121111-121117,3196,1.2672
ec,121111-121117,3121,1.2673
ec,121111-121117,4015,1.2674
ec,121111-121117,3785,1.2675
ec,121111-121117,3525,1.2676
ec,121111-121117,3106,1.2677
ec,121111-121117,3675,1.2678
ec,121111-121117,5524,1.2679
ec,121111-121117,4807,1.268
ec,121111-121117,3946,1.2681
ec,121111-121117,3945,1.2682
ec,121111-121117,5044,1.2683
ec,121111-121117,5455,1.2684
ec,121111-121117,8728,1.2685
ec,121111-121117,8640,1.2686
ec,121111-121117,9194,1.2687
ec,121111-121117,7321,1.2688
ec,121111-121117,7647,1.2689
ec,121111-121117,8148,1.269
ec,121111-121117,6543,1.2691
ec,121111-121117,5282,1.2692
ec,121111-121117,4504,1.2693
ec,121111-121117,4877,1.2694
ec,121111-121117,4999,1.2695
ec,121111-121117,3947,1.2696
ec,121111-121117,3637,1.2697
ec,121111-121117,4893,1.2698
ec,121111-121117,6075,1.2699
ec,121111-121117,7470,1.27
ec,121111-121117,8271,1.2701
ec,121111-121117,8290,1.2702
ec,121111-121117,7132,1.2703
ec,121111-121117,8389,1.2704
ec,121111-121117,10143,1.2705
ec,121111-121117,13368,1.2706
ec,121111-121117,15414,1.2707
ec,121111-121117,14880,1.2708
ec,121111-121117,15507,1.2709
ec,121111-121117,13390,1.271
ec,121111-121117,12264,1.2711
ec,121111-121117,13899,1.2712
ec,121111-121117,16976,1.2713
ec,121111-121117,18512,1.2714
ec,121111-121117,19297,1.2715
ec,121111-121117,19800,1.2716
ec,121111-121117,21874,1.2717
ec,121111-121117,15700,1.2718
ec,121111-121117,13389,1.2719
ec,121111-121117,15370,1.272
ec,121111-121117,14545,1.2721
ec,121111-121117,19588,1.2722
ec,121111-121117,15715,1.2723
ec,121111-121117,13423,1.2724
ec,121111-121117,13538,1.2725
ec,121111-121117,10980,1.2726
ec,121111-121117,12301,1.2727
ec,121111-121117,13902,1.2728
ec,121111-121117,13011,1.2729
ec,121111-121117,17889,1.273
ec,121111-121117,16304,1.2731
ec,121111-121117,15392,1.2732
ec,121111-121117,14698,1.2733
ec,121111-121117,12723,1.2734
ec,121111-121117,13878,1.2735
ec,121111-121117,13721,1.2736
ec,121111-121117,14941,1.2737
ec,121111-121117,15998,1.2738
ec,121111-121117,18861,1.2739
ec,121111-121117,19663,1.274
ec,121111-121117,17843,1.2741
ec,121111-121117,18179,1.2742
ec,121111-121117,18754,1.2743
ec,121111-121117,18119,1.2744
ec,121111-121117,16770,1.2745
ec,121111-121117,13719,1.2746
ec,121111-121117,14475,1.2747
ec,121111-121117,15186,1.2748
ec,121111-121117,18446,1.2749
ec,121111-121117,16630,1.275
ec,121111-121117,15185,1.2751
ec,121111-121117,12247,1.2752
ec,121111-121117,9994,1.2753
ec,121111-121117,7977,1.2754
ec,121111-121117,7880,1.2755
ec,121111-121117,7276,1.2756
ec,121111-121117,10150,1.2757
ec,121111-121117,9165,1.2758
ec,121111-121117,8538,1.2759
ec,121111-121117,6106,1.276
ec,121111-121117,6337,1.2761
ec,121111-121117,6646,1.2762
ec,121111-121117,7400,1.2763
ec,121111-121117,7715,1.2764
ec,121111-121117,9271,1.2765
ec,121111-121117,7690,1.2766
ec,121111-121117,4785,1.2767
ec,121111-121117,5073,1.2768
ec,121111-121117,4069,1.2769
ec,121111-121117,4026,1.277
ec,121111-121117,4840,1.2771
ec,121111-121117,4157,1.2772
ec,121111-121117,3979,1.2773
ec,121111-121117,5646,1.2774
ec,121111-121117,6751,1.2775
ec,121111-121117,7760,1.2776
ec,121111-121117,6322,1.2777
ec,121111-121117,6074,1.2778
ec,121111-121117,5551,1.2779
ec,121111-121117,5356,1.278
ec,121111-121117,5095,1.2781
ec,121111-121117,6321,1.2782
ec,121111-121117,5361,1.2783
ec,121111-121117,5945,1.2784
ec,121111-121117,5856,1.2785
ec,121111-121117,3795,1.2786
ec,121111-121117,2745,1.2787
ec,121111-121117,2545,1.2788
ec,121111-121117,1226,1.2789
ec,121111-121117,2087,1.279
ec,121111-121117,3514,1.2791
ec,121111-121117,3370,1.2792
ec,121111-121117,2363,1.2793
ec,121111-121117,4228,1.2794
ec,121111-121117,5806,1.2795
ec,121111-121117,8373,1.2796
ec,121111-121117,6407,1.2797
ec,121111-121117,3233,1.2798
ec,121111-121117,1574,1.2799
ec,121111-121117,2058,1.28
ec,121111-121117,3041,1.2801
ec,121111-121117,2926,1.2802
ec,121111-121117,1441,1.2803
ec,121111-121117,1063,1.2804
ec,121111-121117,388,1.2805
ec,121111-121117,240,1.2806
ec,121111-121117,135,1.4
ec,121111-121117,31,1.46
ec,121111-121117,37,1.47
ec,121111-121117,243,1.5
ec,121111-121117,236,1.6
ec,121111-121117,30,1.65
ec,121111-121117,150,1.7
ec,121111-121117,73,1.8
ec,121111-121117,366,1.9
ec,121111-121117,505,2
ec,121111-121117,110,2.1
ec,121111-121117,41,2.2
ec,121111-121117,102,2.3
ec,121111-121117,368,2.4
ec,121111-121117,174,2.5
ec,121111-121117,137,2.8
ec,121111-121117,51,2.9
ec,121111-121117,72,3
ec,121111-121117,128,3.2
ec,121111-121117,424,3.3
ec,121111-121117,66,3.4
ec,121111-121117,164,3.5
ec,121111-121117,41,3.6
ec,121111-121117,40,3.8
ec,121111-121117,111,3.9
ec,121111-121117,353,4
ec,121111-121117,123,4.1
ec,121111-121117,78,4.3
ec,121111-121117,224,4.4
ec,121111-121117,60,4.5
ec,121111-121117,63,4.6
ec,121111-121117,74,4.7
ec,121111-121117,270,4.8
ec,121111-121117,155,5
ec,121111-121117,116,5.1
ec,121111-121117,203,5.2
ec,121111-121117,45,5.6
ec,121111-121117,124,5.7
ec,121111-121117,137,5.9
ec,121111-121117,74,6
ec,121111-121117,31,6.1
ec,121111-121117,41,6.2
ec,121111-121117,156,6.3
ec,121111-121117,357,6.4
ec,121111-121117,201,6.5
ec,121111-121117,63,6.6
ec,121111-121117,37,6.8
ec,121111-121117,100,6.9
ec,121111-121117,85,7.1
ec,121111-121117,335,7.2
ec,121111-121117,206,7.3
ec,121111-121117,100,7.5
ec,121111-121117,51,7.6
ec,121111-121117,84,7.7
ec,121111-121117,86,8
ec,121111-121117,34,8.1
ec,121111-121117,60,8.2
ec,121111-121117,79,8.3
ec,121111-121117,34,8.4
ec,121111-121117,335,8.5
ec,121111-121117,34,8.7
ec,121111-121117,40,8.8
ec,121111-121117,40,9.1
ec,121111-121117,128,9.5
ec,121111-121117,171,9.6
ec,121111-121117,66,9.7
ec,contract_period,12787008,0
ec,contract_period,1770,1
ec,contract_period,662,1.01
ec,contract_period,204,1.02
ec,contract_period,422,1.03
ec,contract_period,412,1.04
ec,contract_period,344,1.05
ec,contract_period,271,1.06
ec,contract_period,1088,1.07
ec,contract_period,293,1.08
ec,contract_period,71,1.09
ec,contract_period,1277,1.1
ec,contract_period,726,1.11
ec,contract_period,577,1.12
ec,contract_period,787,1.13
ec,contract_period,32,1.14
ec,contract_period,408,1.15
ec,contract_period,249,1.16
ec,contract_period,357,1.17
ec,contract_period,217,1.18
ec,contract_period,293,1.19
ec,contract_period,2050,1.2
ec,contract_period,43,1.2077
ec,contract_period,45,1.2079
ec,contract_period,30,1.209
ec,contract_period,258,1.21
ec,contract_period,30,1.2151
ec,contract_period,48,1.2156
ec,contract_period,30,1.2177
ec,contract_period,178,1.22
ec,contract_period,44,1.221
ec,contract_period,47,1.222
ec,contract_period,55,1.2285
ec,contract_period,119,1.229
ec,contract_period,85,1.2297
ec,contract_period,335,1.23
ec,contract_period,33,1.2301
ec,contract_period,33,1.2302
ec,contract_period,35,1.2305
ec,contract_period,78,1.2312
ec,contract_period,50,1.2315
ec,contract_period,32,1.2322
ec,contract_period,39,1.2323
ec,contract_period,197,1.2361
ec,contract_period,33,1.2362
ec,contract_period,31,1.2367
ec,contract_period,47,1.238
ec,contract_period,32,1.2381
ec,contract_period,62,1.2382
ec,contract_period,78,1.2383
ec,contract_period,30,1.2389
ec,contract_period,81,1.239
ec,contract_period,113,1.2394
ec,contract_period,30,1.24
ec,contract_period,30,1.2418
ec,contract_period,48,1.2428
ec,contract_period,66,1.2434
ec,contract_period,30,1.2457
ec,contract_period,31,1.2459
ec,contract_period,34,1.2474
ec,contract_period,55,1.2475
ec,contract_period,45,1.2482
ec,contract_period,40,1.2483
ec,contract_period,55,1.2484
ec,contract_period,47,1.249
ec,contract_period,108,1.2491
ec,contract_period,127,1.2495
ec,contract_period,54,1.2496
ec,contract_period,297,1.25
ec,contract_period,35,1.2504
ec,contract_period,39,1.2512
ec,contract_period,49,1.2515
ec,contract_period,49,1.2517
ec,contract_period,85,1.2519
ec,contract_period,180,1.252
ec,contract_period,69,1.2521
ec,contract_period,114,1.2522
ec,contract_period,56,1.2523
ec,contract_period,32,1.2525
ec,contract_period,33,1.2527
ec,contract_period,31,1.2528
ec,contract_period,33,1.2531
ec,contract_period,55,1.2534
ec,contract_period,66,1.2535
ec,contract_period,55,1.2539
ec,contract_period,47,1.254
ec,contract_period,32,1.2542
ec,contract_period,30,1.2544
ec,contract_period,116,1.2545
ec,contract_period,57,1.2553
ec,contract_period,69,1.2555
ec,contract_period,32,1.2557
ec,contract_period,36,1.2559
ec,contract_period,120,1.256
ec,contract_period,38,1.2562
ec,contract_period,46,1.2563
ec,contract_period,34,1.2564
ec,contract_period,74,1.2565
ec,contract_period,62,1.2566
ec,contract_period,54,1.2567
ec,contract_period,46,1.2568
ec,contract_period,81,1.2569
ec,contract_period,67,1.2571
ec,contract_period,88,1.2573
ec,contract_period,45,1.2575
ec,contract_period,63,1.2579
ec,contract_period,143,1.258
ec,contract_period,251,1.2581
ec,contract_period,141,1.2582
ec,contract_period,117,1.2583
ec,contract_period,141,1.2584
ec,contract_period,134,1.2585
ec,contract_period,121,1.2586
ec,contract_period,47,1.2587
ec,contract_period,72,1.2588
ec,contract_period,126,1.2589
ec,contract_period,101,1.259
ec,contract_period,92,1.2591
ec,contract_period,53,1.2592
ec,contract_period,87,1.2593
ec,contract_period,105,1.2594
ec,contract_period,139,1.2595
ec,contract_period,284,1.2596
ec,contract_period,178,1.2597
ec,contract_period,307,1.2598
ec,contract_period,303,1.2599
ec,contract_period,392,1.26
ec,contract_period,96,1.2601
ec,contract_period,163,1.2602
ec,contract_period,146,1.2603
ec,contract_period,95,1.2604
ec,contract_period,117,1.2605
ec,contract_period,154,1.2606
ec,contract_period,33,1.2607
ec,contract_period,163,1.2608
ec,contract_period,119,1.2609
ec,contract_period,364,1.261
ec,contract_period,44,1.2611
ec,contract_period,75,1.2612
ec,contract_period,113,1.2613
ec,contract_period,67,1.2614
ec,contract_period,179,1.2615
ec,contract_period,84,1.2616
ec,contract_period,59,1.2617
ec,contract_period,89,1.2618
ec,contract_period,109,1.2619
ec,contract_period,128,1.262
ec,contract_period,152,1.2621
ec,contract_period,32,1.2622
ec,contract_period,35,1.2623
ec,contract_period,131,1.2624
ec,contract_period,136,1.2625
ec,contract_period,143,1.2626
ec,contract_period,103,1.2627
ec,contract_period,171,1.2628
ec,contract_period,207,1.263
ec,contract_period,38,1.2631
ec,contract_period,159,1.2632
ec,contract_period,107,1.2633
ec,contract_period,74,1.2634
ec,contract_period,115,1.2635
ec,contract_period,128,1.2636
ec,contract_period,136,1.2637
ec,contract_period,30,1.2638
ec,contract_period,88,1.264
ec,contract_period,36,1.2641
ec,contract_period,106,1.2642
ec,contract_period,83,1.2643
ec,contract_period,55,1.2644
ec,contract_period,86,1.2645
ec,contract_period,52,1.2646
ec,contract_period,241,1.2647
ec,contract_period,71,1.2648
ec,contract_period,56,1.2649
ec,contract_period,189,1.265
ec,contract_period,63,1.2651
ec,contract_period,47,1.2652
ec,contract_period,150,1.2653
ec,contract_period,67,1.2654
ec,contract_period,68,1.2655
ec,contract_period,123,1.2656
ec,contract_period,73,1.2657
ec,contract_period,99,1.2658
ec,contract_period,60,1.2659
ec,contract_period,98,1.266
ec,contract_period,39,1.2663
ec,contract_period,145,1.2665
ec,contract_period,234,1.2666
ec,contract_period,374,1.2667
ec,contract_period,392,1.2668
ec,contract_period,529,1.2669
ec,contract_period,1787,1.267
ec,contract_period,1918,1.2671
ec,contract_period,3196,1.2672
ec,contract_period,3173,1.2673
ec,contract_period,4015,1.2674
ec,contract_period,3815,1.2675
ec,contract_period,3525,1.2676
ec,contract_period,3106,1.2677
ec,contract_period,3742,1.2678
ec,contract_period,5562,1.2679
ec,contract_period,4840,1.268
ec,contract_period,3976,1.2681
ec,contract_period,3945,1.2682
ec,contract_period,5044,1.2683
ec,contract_period,5455,1.2684
ec,contract_period,8815,1.2685
ec,contract_period,8640,1.2686
ec,contract_period,9194,1.2687
ec,contract_period,7361,1.2688
ec,contract_period,7964,1.2689
ec,contract_period,8493,1.269
ec,contract_period,6658,1.2691
ec,contract_period,5330,1.2692
ec,contract_period,4543,1.2693
ec,contract_period,5134,1.2694
ec,contract_period,5457,1.2695
ec,contract_period,5601,1.2696
ec,contract_period,4974,1.2697
ec,contract_period,6749,1.2698
ec,contract_period,9446,1.2699
ec,contract_period,10471,1.27
ec,contract_period,11212,1.2701
ec,contract_period,11336,1.2702
ec,contract_period,9021,1.2703
ec,contract_period,10521,1.2704
ec,contract_period,11569,1.2705
ec,contract_period,16085,1.2706
ec,contract_period,19561,1.2707
ec,contract_period,20061,1.2708
ec,contract_period,20208,1.2709
ec,contract_period,17149,1.271
ec,contract_period,16500,1.2711
ec,contract_period,20240,1.2712
ec,contract_period,23784,1.2713
ec,contract_period,27116,1.2714
ec,contract_period,29802,1.2715
ec,contract_period,32906,1.2716
ec,contract_period,35610,1.2717
ec,contract_period,26958,1.2718
ec,contract_period,24790,1.2719
ec,contract_period,26393,1.272
ec,contract_period,23340,1.2721
ec,contract_period,29080,1.2722
ec,contract_period,23432,1.2723
ec,contract_period,21434,1.2724
ec,contract_period,21438,1.2725
ec,contract_period,18507,1.2726
ec,contract_period,21114,1.2727
ec,contract_period,22275,1.2728
ec,contract_period,21423,1.2729
ec,contract_period,27963,1.273
ec,contract_period,26813,1.2731
ec,contract_period,23984,1.2732
ec,contract_period,20564,1.2733
ec,contract_period,17823,1.2734
ec,contract_period,19383,1.2735
ec,contract_period,19777,1.2736
ec,contract_period,21274,1.2737
ec,contract_period,25306,1.2738
ec,contract_period,30117,1.2739
ec,contract_period,31606,1.274
ec,contract_period,30861,1.2741
ec,contract_period,32358,1.2742
ec,contract_period,32629,1.2743
ec,contract_period,33571,1.2744
ec,contract_period,33565,1.2745
ec,contract_period,29407,1.2746
ec,contract_period,31691,1.2747
ec,contract_period,33518,1.2748
ec,contract_period,35773,1.2749
ec,contract_period,34084,1.275
ec,contract_period,28939,1.2751
ec,contract_period,24925,1.2752
ec,contract_period,23834,1.2753
ec,contract_period,22021,1.2754
ec,contract_period,21804,1.2755
ec,contract_period,21352,1.2756
ec,contract_period,25258,1.2757
ec,contract_period,24736,1.2758
ec,contract_period,24734,1.2759
ec,contract_period,26152,1.276
ec,contract_period,25335,1.2761
ec,contract_period,26301,1.2762
ec,contract_period,26741,1.2763
ec,contract_period,28973,1.2764
ec,contract_period,30898,1.2765
ec,contract_period,28045,1.2766
ec,contract_period,28565,1.2767
ec,contract_period,27194,1.2768
ec,contract_period,21939,1.2769
ec,contract_period,22824,1.277
ec,contract_period,23728,1.2771
ec,contract_period,24006,1.2772
ec,contract_period,20454,1.2773
ec,contract_period,19159,1.2774
ec,contract_period,20831,1.2775
ec,contract_period,21803,1.2776
ec,contract_period,20398,1.2777
ec,contract_period,22747,1.2778
ec,contract_period,22529,1.2779
ec,contract_period,22556,1.278
ec,contract_period,18184,1.2781
ec,contract_period,19289,1.2782
ec,contract_period,20225,1.2783
ec,contract_period,23586,1.2784
ec,contract_period,25287,1.2785
ec,contract_period,25300,1.2786
ec,contract_period,25048,1.2787
ec,contract_period,26899,1.2788
ec,contract_period,24977,1.2789
ec,contract_period,28296,1.279
ec,contract_period,25668,1.2791
ec,contract_period,23540,1.2792
ec,contract_period,21722,1.2793
ec,contract_period,23545,1.2794
ec,contract_period,29519,1.2795
ec,contract_period,26867,1.2796
ec,contract_period,24636,1.2797
ec,contract_period,21597,1.2798
ec,contract_period,22010,1.2799
ec,contract_period,25688,1.28
ec,contract_period,20843,1.2801
ec,contract_period,23596,1.2802
ec,contract_period,21424,1.2803
ec,contract_period,24229,1.2804
ec,contract_period,29505,1.2805
ec,contract_period,28840,1.2806
ec,contract_period,33228,1.2807
ec,contract_period,26936,1.2808
ec,contract_period,23583,1.2809
ec,contract_period,25912,1.281
ec,contract_period,25491,1.2811
ec,contract_period,28805,1.2812
ec,contract_period,20732,1.2813
ec,contract_period,17077,1.2814
ec,contract_period,20623,1.2815
ec,contract_period,20132,1.2816
ec,contract_period,19050,1.2817
ec,contract_period,19109,1.2818
ec,contract_period,21861,1.2819
ec,contract_period,26230,1.282
ec,contract_period,22232,1.2821
ec,contract_period,20291,1.2822
ec,contract_period,18377,1.2823
ec,contract_period,14815,1.2824
ec,contract_period,14241,1.2825
ec,contract_period,14154,1.2826
ec,contract_period,13221,1.2827
ec,contract_period,12409,1.2828
ec,contract_period,9726,1.2829
ec,contract_period,10513,1.283
ec,contract_period,7475,1.2831
ec,contract_period,5493,1.2832
ec,contract_period,5450,1.2833
ec,contract_period,6103,1.2834
ec,contract_period,6479,1.2835
ec,contract_period,5874,1.2836
ec,contract_period,6864,1.2837
ec,contract_period,7066,1.2838
ec,contract_period,6009,1.2839
ec,contract_period,6116,1.284
ec,contract_period,5904,1.2841
ec,contract_period,6340,1.2842
ec,contract_period,9510,1.2843
ec,contract_period,11100,1.2844
ec,contract_period,9606,1.2845
ec,contract_period,8866,1.2846
ec,contract_period,12462,1.2847
ec,contract_period,15379,1.2848
ec,contract_period,16135,1.2849
ec,contract_period,17948,1.285
ec,contract_period,16118,1.2851
ec,contract_period,16337,1.2852
ec,contract_period,19628,1.2853
ec,contract_period,19755,1.2854
ec,contract_period,22330,1.2855
ec,contract_period,22696,1.2856
ec,contract_period,22739,1.2857
ec,contract_period,21742,1.2858
ec,contract_period,22418,1.2859
ec,contract_period,22198,1.286
ec,contract_period,23188,1.2861
ec,contract_period,25541,1.2862
ec,contract_period,25681,1.2863
ec,contract_period,28367,1.2864
ec,contract_period,28190,1.2865
ec,contract_period,27378,1.2866
ec,contract_period,30851,1.2867
ec,contract_period,27985,1.2868
ec,contract_period,30672,1.2869
ec,contract_period,30582,1.287
ec,contract_period,31658,1.2871
ec,contract_period,31187,1.2872
ec,contract_period,36482,1.2873
ec,contract_period,31811,1.2874
ec,contract_period,30701,1.2875
ec,contract_period,28880,1.2876
ec,contract_period,31570,1.2877
ec,contract_period,32710,1.2878
ec,contract_period,30965,1.2879
ec,contract_period,28460,1.288
ec,contract_period,27914,1.2881
ec,contract_period,27168,1.2882
ec,contract_period,29953,1.2883
ec,contract_period,25201,1.2884
ec,contract_period,25258,1.2885
ec,contract_period,21725,1.2886
ec,contract_period,23953,1.2887
ec,contract_period,23432,1.2888
ec,contract_period,23992,1.2889
ec,contract_period,24781,1.289
ec,contract_period,26757,1.2891
ec,contract_period,28426,1.2892
ec,contract_period,28832,1.2893
ec,contract_period,28207,1.2894
ec,contract_period,30076,1.2895
ec,contract_period,27639,1.2896
ec,contract_period,32522,1.2897
ec,contract_period,33644,1.2898
ec,contract_period,37248,1.2899
ec,contract_period,40709,1.29
ec,contract_period,38578,1.2901
ec,contract_period,36208,1.2902
ec,contract_period,41132,1.2903
ec,contract_period,39841,1.2904
ec,contract_period,44819,1.2905
ec,contract_period,44058,1.2906
ec,contract_period,46375,1.2907
ec,contract_period,43082,1.2908
ec,contract_period,46502,1.2909
ec,contract_period,49592,1.291
ec,contract_period,45848,1.2911
ec,contract_period,41853,1.2912
ec,contract_period,45708,1.2913
ec,contract_period,45263,1.2914
ec,contract_period,44724,1.2915
ec,contract_period,38350,1.2916
ec,contract_period,39369,1.2917
ec,contract_period,39715,1.2918
ec,contract_period,44959,1.2919
ec,contract_period,48785,1.292
ec,contract_period,45452,1.2921
ec,contract_period,45790,1.2922
ec,contract_period,41163,1.2923
ec,contract_period,42803,1.2924
ec,contract_period,41982,1.2925
ec,contract_period,36665,1.2926
ec,contract_period,35007,1.2927
ec,contract_period,33918,1.2928
ec,contract_period,37200,1.2929
ec,contract_period,40597,1.293
ec,contract_period,41716,1.2931
ec,contract_period,41946,1.2932
ec,contract_period,48765,1.2933
ec,contract_period,47717,1.2934
ec,contract_period,58002,1.2935
ec,contract_period,57680,1.2936
ec,contract_period,61589,1.2937
ec,contract_period,57349,1.2938
ec,contract_period,59708,1.2939
ec,contract_period,63351,1.294
ec,contract_period,57746,1.2941
ec,contract_period,57694,1.2942
ec,contract_period,52159,1.2943
ec,contract_period,52582,1.2944
ec,contract_period,60949,1.2945
ec,contract_period,53537,1.2946
ec,contract_period,51917,1.2947
ec,contract_period,50568,1.2948
ec,contract_period,51365,1.2949
ec,contract_period,58177,1.295
ec,contract_period,57528,1.2951
ec,contract_period,51561,1.2952
ec,contract_period,48768,1.2953
ec,contract_period,44666,1.2954
ec,contract_period,47766,1.2955
ec,contract_period,52711,1.2956
ec,contract_period,49548,1.2957
ec,contract_period,49243,1.2958
ec,contract_period,47539,1.2959
ec,contract_period,49345,1.296
ec,contract_period,45004,1.2961
ec,contract_period,44863,1.2962
ec,contract_period,48743,1.2963
ec,contract_period,51232,1.2964
ec,contract_period,55191,1.2965
ec,contract_period,50285,1.2966
ec,contract_period,53873,1.2967
ec,contract_period,53388,1.2968
ec,contract_period,49417,1.2969
ec,contract_period,52120,1.297
ec,contract_period,45044,1.2971
ec,contract_period,43348,1.2972
ec,contract_period,50091,1.2973
ec,contract_period,54576,1.2974
ec,contract_period,64724,1.2975
ec,contract_period,56495,1.2976
ec,contract_period,55926,1.2977
ec,contract_period,50993,1.2978
ec,contract_period,46321,1.2979
ec,contract_period,46125,1.298
ec,contract_period,45630,1.2981
ec,contract_period,41297,1.2982
ec,contract_period,42206,1.2983
ec,contract_period,37272,1.2984
ec,contract_period,39182,1.2985
ec,contract_period,32984,1.2986
ec,contract_period,32030,1.2987
ec,contract_period,27387,1.2988
ec,contract_period,22817,1.2989
ec,contract_period,25255,1.299
ec,contract_period,21185,1.2991
ec,contract_period,21258,1.2992
ec,contract_period,22262,1.2993
ec,contract_period,23528,1.2994
ec,contract_period,26835,1.2995
ec,contract_period,23228,1.2996
ec,contract_period,26078,1.2997
ec,contract_period,28027,1.2998
ec,contract_period,27376,1.2999
ec,contract_period,25073,1.3
ec,contract_period,24065,1.3001
ec,contract_period,23959,1.3002
ec,contract_period,24808,1.3003
ec,contract_period,23842,1.3004
ec,contract_period,24279,1.3005
ec,contract_period,23934,1.3006
ec,contract_period,23650,1.3007
ec,contract_period,22927,1.3008
ec,contract_period,24927,1.3009
ec,contract_period,25851,1.301
ec,contract_period,27060,1.3011
ec,contract_period,22175,1.3012
ec,contract_period,19229,1.3013
ec,contract_period,22536,1.3014
ec,contract_period,24812,1.3015
ec,contract_period,24125,1.3016
ec,contract_period,25464,1.3017
ec,contract_period,26500,1.3018
ec,contract_period,24517,1.3019
ec,contract_period,22520,1.302
ec,contract_period,21871,1.3021
ec,contract_period,20248,1.3022
ec,contract_period,22565,1.3023
ec,contract_period,21905,1.3024
ec,contract_period,25871,1.3025
ec,contract_period,23285,1.3026
ec,contract_period,23893,1.3027
ec,contract_period,23720,1.3028
ec,contract_period,25412,1.3029
ec,contract_period,25990,1.303
ec,contract_period,25555,1.3031
ec,contract_period,26021,1.3032
ec,contract_period,24805,1.3033
ec,contract_period,28215,1.3034
ec,contract_period,29140,1.3035
ec,contract_period,23556,1.3036
ec,contract_period,27504,1.3037
ec,contract_period,25747,1.3038
ec,contract_period,24516,1.3039
ec,contract_period,22349,1.304
ec,contract_period,18573,1.3041
ec,contract_period,19991,1.3042
ec,contract_period,19130,1.3043
ec,contract_period,18703,1.3044
ec,contract_period,22299,1.3045
ec,contract_period,20478,1.3046
ec,contract_period,19792,1.3047
ec,contract_period,18559,1.3048
ec,contract_period,21018,1.3049
ec,contract_period,25633,1.305
ec,contract_period,25012,1.3051
ec,contract_period,27236,1.3052
ec,contract_period,27388,1.3053
ec,contract_period,24812,1.3054
ec,contract_period,28928,1.3055
ec,contract_period,31934,1.3056
ec,contract_period,31990,1.3057
ec,contract_period,28755,1.3058
ec,contract_period,28387,1.3059
ec,contract_period,27978,1.306
ec,contract_period,30095,1.3061
ec,contract_period,27346,1.3062
ec,contract_period,28315,1.3063
ec,contract_period,29430,1.3064
ec,contract_period,27192,1.3065
ec,contract_period,24810,1.3066
ec,contract_period,21976,1.3067
ec,contract_period,19708,1.3068
ec,contract_period,22552,1.3069
ec,contract_period,23477,1.307
ec,contract_period,20922,1.3071
ec,contract_period,22708,1.3072
ec,contract_period,21835,1.3073
ec,contract_period,23569,1.3074
ec,contract_period,26208,1.3075
ec,contract_period,23650,1.3076
ec,contract_period,22668,1.3077
ec,contract_period,19657,1.3078
ec,contract_period,17729,1.3079
ec,contract_period,14819,1.308
ec,contract_period,11974,1.3081
ec,contract_period,9978,1.3082
ec,contract_period,8869,1.3083
ec,contract_period,7021,1.3084
ec,contract_period,6760,1.3085
ec,contract_period,5218,1.3086
ec,contract_period,5930,1.3087
ec,contract_period,6066,1.3088
ec,contract_period,6371,1.3089
ec,contract_period,5904,1.309
ec,contract_period,6818,1.3091
ec,contract_period,7289,1.3092
ec,contract_period,9180,1.3093
ec,contract_period,8994,1.3094
ec,contract_period,11305,1.3095
ec,contract_period,11546,1.3096
ec,contract_period,11732,1.3097
ec,contract_period,12071,1.3098
ec,contract_period,10156,1.3099
ec,contract_period,12182,1.31
ec,contract_period,12422,1.3101
ec,contract_period,11969,1.3102
ec,contract_period,13282,1.3103
ec,contract_period,15206,1.3104
ec,contract_period,15247,1.3105
ec,contract_period,14325,1.3106
ec,contract_period,16940,1.3107
ec,contract_period,18025,1.3108
ec,contract_period,20460,1.3109
ec,contract_period,20365,1.311
ec,contract_period,18077,1.3111
ec,contract_period,17544,1.3112
ec,contract_period,17607,1.3113
ec,contract_period,16411,1.3114
ec,contract_period,20902,1.3115
ec,contract_period,19240,1.3116
ec,contract_period,20733,1.3117
ec,contract_period,20154,1.3118
ec,contract_period,21204,1.3119
ec,contract_period,16115,1.312
ec,contract_period,16160,1.3121
ec,contract_period,15543,1.3122
ec,contract_period,16144,1.3123
ec,contract_period,11781,1.3124
ec,contract_period,13158,1.3125
ec,contract_period,14531,1.3126
ec,contract_period,17426,1.3127
ec,contract_period,20282,1.3128
ec,contract_period,20167,1.3129
ec,contract_period,20201,1.313
ec,contract_period,21002,1.3131
ec,contract_period,18055,1.3132
ec,contract_period,15455,1.3133
ec,contract_period,11691,1.3134
ec,contract_period,12133,1.3135
ec,contract_period,9361,1.3136
ec,contract_period,10352,1.3137
ec,contract_period,7694,1.3138
ec,contract_period,8183,1.3139
ec,contract_period,9629,1.314
ec,contract_period,8879,1.3141
ec,contract_period,9114,1.3142
ec,contract_period,8627,1.3143
ec,contract_period,7403,1.3144
ec,contract_period,7492,1.3145
ec,contract_period,7033,1.3146
ec,contract_period,6064,1.3147
ec,contract_period,5113,1.3148
ec,contract_period,4532,1.3149
ec,contract_period,4154,1.315
ec,contract_period,5167,1.3151
ec,contract_period,7180,1.3152
ec,contract_period,7134,1.3153
ec,contract_period,7168,1.3154
ec,contract_period,7014,1.3155
ec,contract_period,6021,1.3156
ec,contract_period,5835,1.3157
ec,contract_period,6653,1.3158
ec,contract_period,4573,1.3159
ec,contract_period,3780,1.316
ec,contract_period,3036,1.3161
ec,contract_period,2549,1.3162
ec,contract_period,3580,1.3163
ec,contract_period,2558,1.3164
ec,contract_period,2217,1.3165
ec,contract_period,1834,1.3166
ec,contract_period,2197,1.3167
ec,contract_period,2014,1.3168
ec,contract_period,2748,1.3169
ec,contract_period,2561,1.317
ec,contract_period,3119,1.3171
ec,contract_period,3009,1.3172
ec,contract_period,3391,1.3173
ec,contract_period,2383,1.3174
ec,contract_period,2561,1.3175
ec,contract_period,1005,1.3176
ec,contract_period,539,1.3177
ec,contract_period,988,1.3178
ec,contract_period,444,1.3179
ec,contract_period,388,1.318
ec,contract_period,219,1.3181
ec,contract_period,199,1.3182
ec,contract_period,40,1.3183
ec,contract_period,126,1.32
ec,contract_period,189,1.33
ec,contract_period,352,1.34
ec,contract_period,130,1.35
ec,contract_period,80,1.36
ec,contract_period,337,1.37
ec,contract_period,124,1.38
ec,contract_period,264,1.39
ec,contract_period,1459,1.4
ec,contract_period,174,1.41
ec,contract_period,50,1.42
ec,contract_period,257,1.44
ec,contract_period,225,1.45
ec,contract_period,102,1.46
ec,contract_period,117,1.47
ec,contract_period,232,1.48
ec,contract_period,204,1.49
ec,contract_period,1400,1.5
ec,contract_period,252,1.51
ec,contract_period,100,1.53
ec,contract_period,227,1.54
ec,contract_period,174,1.55
ec,contract_period,192,1.56
ec,contract_period,142,1.57
ec,contract_period,81,1.58
ec,contract_period,54,1.59
ec,contract_period,1936,1.6
ec,contract_period,188,1.61
ec,contract_period,330,1.63
ec,contract_period,147,1.64
ec,contract_period,245,1.65
ec,contract_period,192,1.66
ec,contract_period,181,1.67
ec,contract_period,151,1.68
ec,contract_period,287,1.69
ec,contract_period,1453,1.7
ec,contract_period,260,1.71
ec,contract_period,98,1.72
ec,contract_period,30,1.73
ec,contract_period,62,1.74
ec,contract_period,403,1.75
ec,contract_period,256,1.76
ec,contract_period,300,1.77
ec,contract_period,3598,1.78
ec,contract_period,583,1.79
ec,contract_period,2055,1.8
ec,contract_period,126,1.81
ec,contract_period,137,1.83
ec,contract_period,249,1.84
ec,contract_period,198,1.85
ec,contract_period,175,1.86
ec,contract_period,100,1.87
ec,contract_period,200,1.88
ec,contract_period,154,1.89
ec,contract_period,1996,1.9
ec,contract_period,138,1.91
ec,contract_period,92,1.92
ec,contract_period,63,1.94
ec,contract_period,72,1.95
ec,contract_period,95,1.97
ec,contract_period,1898,2
ec,contract_period,36,2.01
ec,contract_period,100,2.02
ec,contract_period,95,2.03
ec,contract_period,400,2.04
ec,contract_period,100,2.05
ec,contract_period,85,2.06
ec,contract_period,178,2.07
ec,contract_period,228,2.08
ec,contract_period,71,2.09
ec,contract_period,1961,2.1
ec,contract_period,118,2.11
ec,contract_period,162,2.12
ec,contract_period,40,2.13
ec,contract_period,60,2.14
ec,contract_period,50,2.15
ec,contract_period,166,2.17
ec,contract_period,45,2.18
ec,contract_period,80,2.19
ec,contract_period,1638,2.2
ec,contract_period,131,2.21
ec,contract_period,165,2.22
ec,contract_period,50,2.24
ec,contract_period,62,2.25
ec,contract_period,246,2.27
ec,contract_period,296,2.28
ec,contract_period,1500,2.3
ec,contract_period,237,2.31
ec,contract_period,129,2.32
ec,contract_period,39,2.35
ec,contract_period,150,2.36
ec,contract_period,169,2.37
ec,contract_period,41,2.39
ec,contract_period,2508,2.4
ec,contract_period,205,2.41
ec,contract_period,189,2.42
ec,contract_period,185,2.43
ec,contract_period,93,2.45
ec,contract_period,340,2.46
ec,contract_period,55,2.48
ec,contract_period,2383,2.5
ec,contract_period,50,2.52
ec,contract_period,146,2.53
ec,contract_period,100,2.54
ec,contract_period,31,2.57
ec,contract_period,50,2.58
ec,contract_period,544,2.6
ec,contract_period,41,2.64
ec,contract_period,97,2.67
ec,contract_period,50,2.68
ec,contract_period,1737,2.7
ec,contract_period,80,2.71
ec,contract_period,70,2.72
ec,contract_period,262,2.73
ec,contract_period,84,2.74
ec,contract_period,227,2.75
ec,contract_period,56,2.77
ec,contract_period,141,2.78
ec,contract_period,110,2.79
ec,contract_period,940,2.8
ec,contract_period,192,2.81
ec,contract_period,152,2.82
ec,contract_period,225,2.83
ec,contract_period,50,2.84
ec,contract_period,447,2.85
ec,contract_period,36,2.86
ec,contract_period,239,2.88
ec,contract_period,145,2.89
ec,contract_period,2670,2.9
ec,contract_period,30,2.93
ec,contract_period,70,2.94
ec,contract_period,71,2.97
ec,contract_period,67,2.98
ec,contract_period,1328,3
ec,contract_period,100,3.07
ec,contract_period,55,3.08
ec,contract_period,697,3.1
ec,contract_period,90,3.12
ec,contract_period,80,3.13
ec,contract_period,93,3.15
ec,contract_period,264,3.16
ec,contract_period,50,3.19
ec,contract_period,594,3.2
ec,contract_period,31,3.25
ec,contract_period,2412,3.3
ec,contract_period,60,3.34
ec,contract_period,160,3.39
ec,contract_period,608,3.4
ec,contract_period,139,3.41
ec,contract_period,404,3.5
ec,contract_period,30,3.51
ec,contract_period,325,3.52
ec,contract_period,90,3.54
ec,contract_period,378,3.6
ec,contract_period,620,3.7
ec,contract_period,65,3.71
ec,contract_period,40,3.72
ec,contract_period,50,3.73
ec,contract_period,37,3.74
ec,contract_period,35,3.78
ec,contract_period,638,3.8
ec,contract_period,86,3.83
ec,contract_period,981,3.9
ec,contract_period,59,3.95
ec,contract_period,50,3.99
ec,contract_period,1068,4
ec,contract_period,60,4.02
ec,contract_period,50,4.03
ec,contract_period,1191,4.1
ec,contract_period,313,4.11
ec,contract_period,877,4.2
ec,contract_period,576,4.3
ec,contract_period,1173,4.4
ec,contract_period,50,4.48
ec,contract_period,1018,4.5
ec,contract_period,50,4.58
ec,contract_period,431,4.6
ec,contract_period,43,4.66
ec,contract_period,130,4.69
ec,contract_period,593,4.7
ec,contract_period,57,4.71
ec,contract_period,50,4.72
ec,contract_period,34,4.74
ec,contract_period,761,4.8
ec,contract_period,59,4.81
ec,contract_period,135,4.82
ec,contract_period,35,4.85
ec,contract_period,625,4.9
ec,contract_period,41,4.91
ec,contract_period,1019,5
ec,contract_period,46,5.02
ec,contract_period,100,5.05
ec,contract_period,50,5.09
ec,contract_period,1309,5.1
ec,contract_period,785,5.2
ec,contract_period,31,5.25
ec,contract_period,1211,5.3
ec,contract_period,60,5.37
ec,contract_period,1031,5.4
ec,contract_period,865,5.5
ec,contract_period,1752,5.6
ec,contract_period,961,5.7
ec,contract_period,842,5.8
ec,contract_period,782,5.9
ec,contract_period,1083,6
ec,contract_period,316,6.1
ec,contract_period,436,6.2
ec,contract_period,1388,6.3
ec,contract_period,795,6.4
ec,contract_period,1218,6.5
ec,contract_period,560,6.6
ec,contract_period,664,6.7
ec,contract_period,443,6.8
ec,contract_period,992,6.9
ec,contract_period,662,7
ec,contract_period,251,7.1
ec,contract_period,692,7.2
ec,contract_period,1067,7.3
ec,contract_period,304,7.4
ec,contract_period,563,7.5
ec,contract_period,795,7.6
ec,contract_period,842,7.7
ec,contract_period,579,7.8
ec,contract_period,489,7.9
ec,contract_period,1156,8
ec,contract_period,1072,8.1
ec,contract_period,500,8.2
ec,contract_period,506,8.3
ec,contract_period,268,8.4
ec,contract_period,952,8.5
ec,contract_period,698,8.6
ec,contract_period,661,8.7
ec,contract_period,463,8.8
ec,contract_period,254,8.9
ec,contract_period,1261,9
ec,contract_period,305,9.1
ec,contract_period,667,9.2
ec,contract_period,648,9.3
ec,contract_period,451,9.4
ec,contract_period,558,9.5
ec,contract_period,784,9.6
ec,contract_period,563,9.7
ec,contract_period,525,9.8
ec,contract_period,489,9.9
ec,121121,238111,0
ec,121121,30,1
ec,121121,79,1.1
ec,121121,56,1.1
ec,121121,30,1.18
ec,121121,70,1.2
ec,121121,30,1.2
ec,121121,79,1.2739
ec,121121,403,1.274
ec,121121,533,1.2741
ec,121121,279,1.2742
ec,121121,56,1.2743
ec,121121,224,1.2744
ec,121121,658,1.2745
ec,121121,363,1.2746
ec,121121,415,1.2747
ec,121121,532,1.2748
ec,121121,667,1.2749
ec,121121,1531,1.275
ec,121121,2319,1.2751
ec,121121,1827,1.2752
ec,121121,1511,1.2753
ec,121121,2074,1.2754
ec,121121,1669,1.2755
ec,121121,1763,1.2756
ec,121121,2643,1.2757
ec,121121,2892,1.2758
ec,121121,2576,1.2759
ec,121121,3442,1.276
ec,121121,2234,1.2761
ec,121121,2517,1.2762
ec,121121,2734,1.2763
ec,121121,2893,1.2764
ec,121121,3119,1.2765
ec,121121,2530,1.2766
ec,121121,2690,1.2767
ec,121121,2406,1.2768
ec,121121,1705,1.2769
ec,121121,1739,1.277
ec,121121,1326,1.2771
ec,121121,467,1.2772
ec,121121,708,1.2773
ec,121121,804,1.2774
ec,121121,1541,1.2775
ec,121121,1881,1.2776
ec,121121,1346,1.2777
ec,121121,1434,1.2778
ec,121121,1480,1.2779
ec,121121,1577,1.278
ec,121121,789,1.2781
ec,121121,968,1.2782
ec,121121,1710,1.2783
ec,121121,2333,1.2784
ec,121121,2293,1.2785
ec,121121,3044,1.2786
ec,121121,2634,1.2787
ec,121121,2402,1.2788
ec,121121,2471,1.2789
ec,121121,3710,1.279
ec,121121,2784,1.2791
ec,121121,2418,1.2792
ec,121121,2292,1.2793
ec,121121,1354,1.2794
ec,121121,1362,1.2795
ec,121121,782,1.2796
ec,121121,530,1.2797
ec,121121,314,1.2798
ec,121121,731,1.2799
ec,121121,633,1.28
ec,121121,1175,1.2801
ec,121121,2514,1.2802
ec,121121,3174,1.2803
ec,121121,3825,1.2804
ec,121121,5670,1.2805
ec,121121,5750,1.2806
ec,121121,4904,1.2807
ec,121121,3286,1.2808
ec,121121,1803,1.2809
ec,121121,2443,1.281
ec,121121,2578,1.2811
ec,121121,4639,1.2812
ec,121121,2314,1.2813
ec,121121,1913,1.2814
ec,121121,2696,1.2815
ec,121121,3281,1.2816
ec,121121,2836,1.2817
ec,121121,3698,1.2818
ec,121121,5949,1.2819
ec,121121,8060,1.282
ec,121121,6339,1.2821
ec,121121,6236,1.2822
ec,121121,5995,1.2823
ec,121121,5554,1.2824
ec,121121,5166,1.2825
ec,121121,6421,1.2826
ec,121121,6212,1.2827
ec,121121,5377,1.2828
ec,121121,2858,1.2829
ec,121121,3764,1.283
ec,121121,2610,1.2831
ec,121121,1746,1.2832
ec,121121,907,1.2833
ec,121121,1043,1.2834
ec,121121,533,1.2835
ec,121121,290,1.2836
ec,121121,110,1.61
ec,121121,204,1.7
ec,121121,51,2.1
ec,121121,111,2.3
ec,121121,40,2.7
ec,121121,50,2.8
ec,121121,41,2.9
ec,121121,56,4.1
ec,121121,58,4.3
ec,121121,50,4.3
ec,121121,33,4.4
ec,121121,127,4.5
ec,121121,40,6.1
ec,121121,72,6.3
ec,121121,112,8.4
ec,121121,104,8.5
ec,121121,30,9.5
